PHASE,K,n,seed,R,count
POST_HOC_EXPLORATORY_K_ROBUSTNESS_OF_COMPETITION_PEAK,2,20,260828020,0,4
POST_HOC_EXPLORATORY_K_ROBUSTNESS_OF_COMPETITION_PEAK,2,20,260828020,1,44518
POST_HOC_EXPLORATORY_K_ROBUSTNESS_OF_COMPETITION_PEAK,2,20,260828020,2,28866
POST_HOC_EXPLORATORY_K_ROBUSTNESS_OF_COMPETITION_PEAK,2,20,260828020,3,7702
POST_HOC_EXPLORATORY_K_ROBUSTNESS_OF_COMPETITION_PEAK,2,20,260828020,4,8681
POST_HOC_EXPLORATORY_K_ROBUSTNESS_OF_COMPETITION_PEAK,2,20,260828020,5,1928
POST_HOC_EXPLORATORY_K_ROBUSTNESS_OF_COMPETITION_PEAK,2,20,260828020,6,3130
POST_HOC_EXPLORATORY_K_ROBUSTNESS_OF_COMPETITION_PEAK,2,20,260828020,7,685
POST_HOC_EXPLORATORY_K_ROBUSTNESS_OF_COMPETITION_PEAK,2,20,260828020,8,1524
POST_HOC_EXPLORATORY_K_ROBUSTNESS_OF_COMPETITION_PEAK,2,20,260828020,9,374
POST_HOC_EXPLORATORY_K_ROBUSTNESS_OF_COMPETITION_PEAK,2,20,260828020,10,559
POST_HOC_EXPLORATORY_K_ROBUSTNESS_OF_COMPETITION_PEAK,2,20,260828020,11,177
POST_HOC_EXPLORATORY_K_ROBUSTNESS_OF_COMPETITION_PEAK,2,20,260828020,12,551
POST_HOC_EXPLORATORY_K_ROBUSTNESS_OF_COMPETITION_PEAK,2,20,260828020,13,133
POST_HOC_EXPLORATORY_K_ROBUSTNESS_OF_COMPETITION_PEAK,2,20,260828020,14,237
POST_HOC_EXPLORATORY_K_ROBUSTNESS_OF_COMPETITION_PEAK,2,20,260828020,15,84
POST_HOC_EXPLORATORY_K_ROBUSTNESS_OF_COMPETITION_PEAK,2,20,260828020,16,202
POST_HOC_EXPLORATORY_K_ROBUSTNESS_OF_COMPETITION_PEAK,2,20,260828020,17,48
POST_HOC_EXPLORATORY_K_ROBUSTNESS_OF_COMPETITION_PEAK,2,20,260828020,18,104
POST_HOC_EXPLORATORY_K_ROBUSTNESS_OF_COMPETITION_PEAK,2,20,260828020,19,34
POST_HOC_EXPLORATORY_K_ROBUSTNESS_OF_COMPETITION_PEAK,2,20,260828020,20,74
POST_HOC_EXPLORATORY_K_ROBUSTNESS_OF_COMPETITION_PEAK,2,20,260828020,21,34
POST_HOC_EXPLORATORY_K_ROBUSTNESS_OF_COMPETITION_PEAK,2,20,260828020,22,50
POST_HOC_EXPLORATORY_K_ROBUSTNESS_OF_COMPETITION_PEAK,2,20,260828020,23,26
POST_HOC_EXPLORATORY_K_ROBUSTNESS_OF_COMPETITION_PEAK,2,20,260828020,24,63
POST_HOC_EXPLORATORY_K_ROBUSTNESS_OF_COMPETITION_PEAK,2,20,260828020,25,16
POST_HOC_EXPLORATORY_K_ROBUSTNESS_OF_COMPETITION_PEAK,2,20,260828020,26,30
POST_HOC_EXPLORATORY_K_ROBUSTNESS_OF_COMPETITION_PEAK,2,20,260828020,27,12
POST_HOC_EXPLORATORY_K_ROBUSTNESS_OF_COMPETITION_PEAK,2,20,260828020,28,24
POST_HOC_EXPLORATORY_K_ROBUSTNESS_OF_COMPETITION_PEAK,2,20,260828020,29,7
POST_HOC_EXPLORATORY_K_ROBUSTNESS_OF_COMPETITION_PEAK,2,20,260828020,30,23
POST_HOC_EXPLORATORY_K_ROBUSTNESS_OF_COMPETITION_PEAK,2,20,260828020,31,15
POST_HOC_EXPLORATORY_K_ROBUSTNESS_OF_COMPETITION_PEAK,2,20,260828020,32,16
POST_HOC_EXPLORATORY_K_ROBUSTNESS_OF_COMPETITION_PEAK,2,20,260828020,33,5
POST_HOC_EXPLORATORY_K_ROBUSTNESS_OF_COMPETITION_PEAK,2,20,260828020,34,3
POST_HOC_EXPLORATORY_K_ROBUSTNESS_OF_COMPETITION_PEAK,2,20,260828020,35,4
POST_HOC_EXPLORATORY_K_ROBUSTNESS_OF_COMPETITION_PEAK,2,20,260828020,36,10
POST_HOC_EXPLORATORY_K_ROBUSTNESS_OF_COMPETITION_PEAK,2,20,260828020,37,6
POST_HOC_EXPLORATORY_K_ROBUSTNESS_OF_COMPETITION_PEAK,2,20,260828020,38,4
POST_HOC_EXPLORATORY_K_ROBUSTNESS_OF_COMPETITION_PEAK,2,20,260828020,39,7
POST_HOC_EXPLORATORY_K_ROBUSTNESS_OF_COMPETITION_PEAK,2,20,260828020,40,3
POST_HOC_EXPLORATORY_K_ROBUSTNESS_OF_COMPETITION_PEAK,2,20,260828020,41,2
POST_HOC_EXPLORATORY_K_ROBUSTNESS_OF_COMPETITION_PEAK,2,20,260828020,43,4
POST_HOC_EXPLORATORY_K_ROBUSTNESS_OF_COMPETITION_PEAK,2,20,260828020,44,3
POST_HOC_EXPLORATORY_K_ROBUSTNESS_OF_COMPETITION_PEAK,2,20,260828020,45,2
POST_HOC_EXPLORATORY_K_ROBUSTNESS_OF_COMPETITION_PEAK,2,20,260828020,46,1
POST_HOC_EXPLORATORY_K_ROBUSTNESS_OF_COMPETITION_PEAK,2,20,260828020,48,1
POST_HOC_EXPLORATORY_K_ROBUSTNESS_OF_COMPETITION_PEAK,2,20,260828020,49,1
POST_HOC_EXPLORATORY_K_ROBUSTNESS_OF_COMPETITION_PEAK,2,20,260828020,50,1
POST_HOC_EXPLORATORY_K_ROBUSTNESS_OF_COMPETITION_PEAK,2,20,260828020,51,2
POST_HOC_EXPLORATORY_K_ROBUSTNESS_OF_COMPETITION_PEAK,2,20,260828020,52,2
POST_HOC_EXPLORATORY_K_ROBUSTNESS_OF_COMPETITION_PEAK,2,20,260828020,53,1
POST_HOC_EXPLORATORY_K_ROBUSTNESS_OF_COMPETITION_PEAK,2,20,260828020,55,1
POST_HOC_EXPLORATORY_K_ROBUSTNESS_OF_COMPETITION_PEAK,2,20,260828020,56,1
POST_HOC_EXPLORATORY_K_ROBUSTNESS_OF_COMPETITION_PEAK,2,20,260828020,57,1
POST_HOC_EXPLORATORY_K_ROBUSTNESS_OF_COMPETITION_PEAK,2,20,260828020,59,2
POST_HOC_EXPLORATORY_K_ROBUSTNESS_OF_COMPETITION_PEAK,2,20,260828020,60,1
POST_HOC_EXPLORATORY_K_ROBUSTNESS_OF_COMPETITION_PEAK,2,20,260828020,62,1
POST_HOC_EXPLORATORY_K_ROBUSTNESS_OF_COMPETITION_PEAK,2,22,260828022,0,0
POST_HOC_EXPLORATORY_K_ROBUSTNESS_OF_COMPETITION_PEAK,2,22,260828022,1,45476
POST_HOC_EXPLORATORY_K_ROBUSTNESS_OF_COMPETITION_PEAK,2,22,260828022,2,28822
POST_HOC_EXPLORATORY_K_ROBUSTNESS_OF_COMPETITION_PEAK,2,22,260828022,3,8058
POST_HOC_EXPLORATORY_K_ROBUSTNESS_OF_COMPETITION_PEAK,2,22,260828022,4,8364
POST_HOC_EXPLORATORY_K_ROBUSTNESS_OF_COMPETITION_PEAK,2,22,260828022,5,1906
POST_HOC_EXPLORATORY_K_ROBUSTNESS_OF_COMPETITION_PEAK,2,22,260828022,6,2928
POST_HOC_EXPLORATORY_K_ROBUSTNESS_OF_COMPETITION_PEAK,2,22,260828022,7,682
POST_HOC_EXPLORATORY_K_ROBUSTNESS_OF_COMPETITION_PEAK,2,22,260828022,8,1359
POST_HOC_EXPLORATORY_K_ROBUSTNESS_OF_COMPETITION_PEAK,2,22,260828022,9,395
POST_HOC_EXPLORATORY_K_ROBUSTNESS_OF_COMPETITION_PEAK,2,22,260828022,10,532
POST_HOC_EXPLORATORY_K_ROBUSTNESS_OF_COMPETITION_PEAK,2,22,260828022,11,150
POST_HOC_EXPLORATORY_K_ROBUSTNESS_OF_COMPETITION_PEAK,2,22,260828022,12,412
POST_HOC_EXPLORATORY_K_ROBUSTNESS_OF_COMPETITION_PEAK,2,22,260828022,13,77
POST_HOC_EXPLORATORY_K_ROBUSTNESS_OF_COMPETITION_PEAK,2,22,260828022,14,160
POST_HOC_EXPLORATORY_K_ROBUSTNESS_OF_COMPETITION_PEAK,2,22,260828022,15,69
POST_HOC_EXPLORATORY_K_ROBUSTNESS_OF_COMPETITION_PEAK,2,22,260828022,16,132
POST_HOC_EXPLORATORY_K_ROBUSTNESS_OF_COMPETITION_PEAK,2,22,260828022,17,41
POST_HOC_EXPLORATORY_K_ROBUSTNESS_OF_COMPETITION_PEAK,2,22,260828022,18,83
POST_HOC_EXPLORATORY_K_ROBUSTNESS_OF_COMPETITION_PEAK,2,22,260828022,19,20
POST_HOC_EXPLORATORY_K_ROBUSTNESS_OF_COMPETITION_PEAK,2,22,260828022,20,58
POST_HOC_EXPLORATORY_K_ROBUSTNESS_OF_COMPETITION_PEAK,2,22,260828022,21,24
POST_HOC_EXPLORATORY_K_ROBUSTNESS_OF_COMPETITION_PEAK,2,22,260828022,22,31
POST_HOC_EXPLORATORY_K_ROBUSTNESS_OF_COMPETITION_PEAK,2,22,260828022,23,9
POST_HOC_EXPLORATORY_K_ROBUSTNESS_OF_COMPETITION_PEAK,2,22,260828022,24,45
POST_HOC_EXPLORATORY_K_ROBUSTNESS_OF_COMPETITION_PEAK,2,22,260828022,25,6
POST_HOC_EXPLORATORY_K_ROBUSTNESS_OF_COMPETITION_PEAK,2,22,260828022,26,16
POST_HOC_EXPLORATORY_K_ROBUSTNESS_OF_COMPETITION_PEAK,2,22,260828022,27,11
POST_HOC_EXPLORATORY_K_ROBUSTNESS_OF_COMPETITION_PEAK,2,22,260828022,28,14
POST_HOC_EXPLORATORY_K_ROBUSTNESS_OF_COMPETITION_PEAK,2,22,260828022,29,13
POST_HOC_EXPLORATORY_K_ROBUSTNESS_OF_COMPETITION_PEAK,2,22,260828022,30,17
POST_HOC_EXPLORATORY_K_ROBUSTNESS_OF_COMPETITION_PEAK,2,22,260828022,31,7
POST_HOC_EXPLORATORY_K_ROBUSTNESS_OF_COMPETITION_PEAK,2,22,260828022,32,9
POST_HOC_EXPLORATORY_K_ROBUSTNESS_OF_COMPETITION_PEAK,2,22,260828022,33,8
POST_HOC_EXPLORATORY_K_ROBUSTNESS_OF_COMPETITION_PEAK,2,22,260828022,34,7
POST_HOC_EXPLORATORY_K_ROBUSTNESS_OF_COMPETITION_PEAK,2,22,260828022,35,3
POST_HOC_EXPLORATORY_K_ROBUSTNESS_OF_COMPETITION_PEAK,2,22,260828022,36,6
POST_HOC_EXPLORATORY_K_ROBUSTNESS_OF_COMPETITION_PEAK,2,22,260828022,37,6
POST_HOC_EXPLORATORY_K_ROBUSTNESS_OF_COMPETITION_PEAK,2,22,260828022,38,5
POST_HOC_EXPLORATORY_K_ROBUSTNESS_OF_COMPETITION_PEAK,2,22,260828022,39,4
POST_HOC_EXPLORATORY_K_ROBUSTNESS_OF_COMPETITION_PEAK,2,22,260828022,40,2
POST_HOC_EXPLORATORY_K_ROBUSTNESS_OF_COMPETITION_PEAK,2,22,260828022,41,7
POST_HOC_EXPLORATORY_K_ROBUSTNESS_OF_COMPETITION_PEAK,2,22,260828022,42,3
POST_HOC_EXPLORATORY_K_ROBUSTNESS_OF_COMPETITION_PEAK,2,22,260828022,43,2
POST_HOC_EXPLORATORY_K_ROBUSTNESS_OF_COMPETITION_PEAK,2,22,260828022,44,1
POST_HOC_EXPLORATORY_K_ROBUSTNESS_OF_COMPETITION_PEAK,2,22,260828022,45,3
POST_HOC_EXPLORATORY_K_ROBUSTNESS_OF_COMPETITION_PEAK,2,22,260828022,48,3
POST_HOC_EXPLORATORY_K_ROBUSTNESS_OF_COMPETITION_PEAK,2,22,260828022,49,1
POST_HOC_EXPLORATORY_K_ROBUSTNESS_OF_COMPETITION_PEAK,2,22,260828022,50,2
POST_HOC_EXPLORATORY_K_ROBUSTNESS_OF_COMPETITION_PEAK,2,22,260828022,52,1
POST_HOC_EXPLORATORY_K_ROBUSTNESS_OF_COMPETITION_PEAK,2,22,260828022,54,2
POST_HOC_EXPLORATORY_K_ROBUSTNESS_OF_COMPETITION_PEAK,2,22,260828022,55,1
POST_HOC_EXPLORATORY_K_ROBUSTNESS_OF_COMPETITION_PEAK,2,22,260828022,57,1
POST_HOC_EXPLORATORY_K_ROBUSTNESS_OF_COMPETITION_PEAK,2,22,260828022,58,2
POST_HOC_EXPLORATORY_K_ROBUSTNESS_OF_COMPETITION_PEAK,2,22,260828022,64,1
POST_HOC_EXPLORATORY_K_ROBUSTNESS_OF_COMPETITION_PEAK,2,22,260828022,68,1
POST_HOC_EXPLORATORY_K_ROBUSTNESS_OF_COMPETITION_PEAK,2,22,260828022,70,1
POST_HOC_EXPLORATORY_K_ROBUSTNESS_OF_COMPETITION_PEAK,2,22,260828022,76,1
POST_HOC_EXPLORATORY_K_ROBUSTNESS_OF_COMPETITION_PEAK,2,24,260828024,0,0
POST_HOC_EXPLORATORY_K_ROBUSTNESS_OF_COMPETITION_PEAK,2,24,260828024,1,47044
POST_HOC_EXPLORATORY_K_ROBUSTNESS_OF_COMPETITION_PEAK,2,24,260828024,2,28556
POST_HOC_EXPLORATORY_K_ROBUSTNESS_OF_COMPETITION_PEAK,2,24,260828024,3,7851
POST_HOC_EXPLORATORY_K_ROBUSTNESS_OF_COMPETITION_PEAK,2,24,260828024,4,7963
POST_HOC_EXPLORATORY_K_ROBUSTNESS_OF_COMPETITION_PEAK,2,24,260828024,5,1842
POST_HOC_EXPLORATORY_K_ROBUSTNESS_OF_COMPETITION_PEAK,2,24,260828024,6,2773
POST_HOC_EXPLORATORY_K_ROBUSTNESS_OF_COMPETITION_PEAK,2,24,260828024,7,645
POST_HOC_EXPLORATORY_K_ROBUSTNESS_OF_COMPETITION_PEAK,2,24,260828024,8,1235
POST_HOC_EXPLORATORY_K_ROBUSTNESS_OF_COMPETITION_PEAK,2,24,260828024,9,378
POST_HOC_EXPLORATORY_K_ROBUSTNESS_OF_COMPETITION_PEAK,2,24,260828024,10,464
POST_HOC_EXPLORATORY_K_ROBUSTNESS_OF_COMPETITION_PEAK,2,24,260828024,11,129
POST_HOC_EXPLORATORY_K_ROBUSTNESS_OF_COMPETITION_PEAK,2,24,260828024,12,393
POST_HOC_EXPLORATORY_K_ROBUSTNESS_OF_COMPETITION_PEAK,2,24,260828024,13,81
POST_HOC_EXPLORATORY_K_ROBUSTNESS_OF_COMPETITION_PEAK,2,24,260828024,14,133
POST_HOC_EXPLORATORY_K_ROBUSTNESS_OF_COMPETITION_PEAK,2,24,260828024,15,67
POST_HOC_EXPLORATORY_K_ROBUSTNESS_OF_COMPETITION_PEAK,2,24,260828024,16,110
POST_HOC_EXPLORATORY_K_ROBUSTNESS_OF_COMPETITION_PEAK,2,24,260828024,17,28
POST_HOC_EXPLORATORY_K_ROBUSTNESS_OF_COMPETITION_PEAK,2,24,260828024,18,73
POST_HOC_EXPLORATORY_K_ROBUSTNESS_OF_COMPETITION_PEAK,2,24,260828024,19,14
POST_HOC_EXPLORATORY_K_ROBUSTNESS_OF_COMPETITION_PEAK,2,24,260828024,20,36
POST_HOC_EXPLORATORY_K_ROBUSTNESS_OF_COMPETITION_PEAK,2,24,260828024,21,14
POST_HOC_EXPLORATORY_K_ROBUSTNESS_OF_COMPETITION_PEAK,2,24,260828024,22,23
POST_HOC_EXPLORATORY_K_ROBUSTNESS_OF_COMPETITION_PEAK,2,24,260828024,23,9
POST_HOC_EXPLORATORY_K_ROBUSTNESS_OF_COMPETITION_PEAK,2,24,260828024,24,36
POST_HOC_EXPLORATORY_K_ROBUSTNESS_OF_COMPETITION_PEAK,2,24,260828024,25,4
POST_HOC_EXPLORATORY_K_ROBUSTNESS_OF_COMPETITION_PEAK,2,24,260828024,26,14
POST_HOC_EXPLORATORY_K_ROBUSTNESS_OF_COMPETITION_PEAK,2,24,260828024,27,13
POST_HOC_EXPLORATORY_K_ROBUSTNESS_OF_COMPETITION_PEAK,2,24,260828024,28,7
POST_HOC_EXPLORATORY_K_ROBUSTNESS_OF_COMPETITION_PEAK,2,24,260828024,29,4
POST_HOC_EXPLORATORY_K_ROBUSTNESS_OF_COMPETITION_PEAK,2,24,260828024,30,15
POST_HOC_EXPLORATORY_K_ROBUSTNESS_OF_COMPETITION_PEAK,2,24,260828024,31,3
POST_HOC_EXPLORATORY_K_ROBUSTNESS_OF_COMPETITION_PEAK,2,24,260828024,32,8
POST_HOC_EXPLORATORY_K_ROBUSTNESS_OF_COMPETITION_PEAK,2,24,260828024,33,1
POST_HOC_EXPLORATORY_K_ROBUSTNESS_OF_COMPETITION_PEAK,2,24,260828024,34,6
POST_HOC_EXPLORATORY_K_ROBUSTNESS_OF_COMPETITION_PEAK,2,24,260828024,35,1
POST_HOC_EXPLORATORY_K_ROBUSTNESS_OF_COMPETITION_PEAK,2,24,260828024,36,5
POST_HOC_EXPLORATORY_K_ROBUSTNESS_OF_COMPETITION_PEAK,2,24,260828024,37,3
POST_HOC_EXPLORATORY_K_ROBUSTNESS_OF_COMPETITION_PEAK,2,24,260828024,38,2
POST_HOC_EXPLORATORY_K_ROBUSTNESS_OF_COMPETITION_PEAK,2,24,260828024,39,1
POST_HOC_EXPLORATORY_K_ROBUSTNESS_OF_COMPETITION_PEAK,2,24,260828024,40,4
POST_HOC_EXPLORATORY_K_ROBUSTNESS_OF_COMPETITION_PEAK,2,24,260828024,41,2
POST_HOC_EXPLORATORY_K_ROBUSTNESS_OF_COMPETITION_PEAK,2,24,260828024,42,2
POST_HOC_EXPLORATORY_K_ROBUSTNESS_OF_COMPETITION_PEAK,2,24,260828024,44,3
POST_HOC_EXPLORATORY_K_ROBUSTNESS_OF_COMPETITION_PEAK,2,24,260828024,46,2
POST_HOC_EXPLORATORY_K_ROBUSTNESS_OF_COMPETITION_PEAK,2,24,260828024,48,1
POST_HOC_EXPLORATORY_K_ROBUSTNESS_OF_COMPETITION_PEAK,2,24,260828024,51,1
POST_HOC_EXPLORATORY_K_ROBUSTNESS_OF_COMPETITION_PEAK,2,24,260828024,56,1
POST_HOC_EXPLORATORY_K_ROBUSTNESS_OF_COMPETITION_PEAK,2,26,260828026,0,0
POST_HOC_EXPLORATORY_K_ROBUSTNESS_OF_COMPETITION_PEAK,2,26,260828026,1,48464
POST_HOC_EXPLORATORY_K_ROBUSTNESS_OF_COMPETITION_PEAK,2,26,260828026,2,28753
POST_HOC_EXPLORATORY_K_ROBUSTNESS_OF_COMPETITION_PEAK,2,26,260828026,3,7668
POST_HOC_EXPLORATORY_K_ROBUSTNESS_OF_COMPETITION_PEAK,2,26,260828026,4,7453
POST_HOC_EXPLORATORY_K_ROBUSTNESS_OF_COMPETITION_PEAK,2,26,260828026,5,1612
POST_HOC_EXPLORATORY_K_ROBUSTNESS_OF_COMPETITION_PEAK,2,26,260828026,6,2657
POST_HOC_EXPLORATORY_K_ROBUSTNESS_OF_COMPETITION_PEAK,2,26,260828026,7,580
POST_HOC_EXPLORATORY_K_ROBUSTNESS_OF_COMPETITION_PEAK,2,26,260828026,8,1084
POST_HOC_EXPLORATORY_K_ROBUSTNESS_OF_COMPETITION_PEAK,2,26,260828026,9,336
POST_HOC_EXPLORATORY_K_ROBUSTNESS_OF_COMPETITION_PEAK,2,26,260828026,10,386
POST_HOC_EXPLORATORY_K_ROBUSTNESS_OF_COMPETITION_PEAK,2,26,260828026,11,102
POST_HOC_EXPLORATORY_K_ROBUSTNESS_OF_COMPETITION_PEAK,2,26,260828026,12,321
POST_HOC_EXPLORATORY_K_ROBUSTNESS_OF_COMPETITION_PEAK,2,26,260828026,13,71
POST_HOC_EXPLORATORY_K_ROBUSTNESS_OF_COMPETITION_PEAK,2,26,260828026,14,113
POST_HOC_EXPLORATORY_K_ROBUSTNESS_OF_COMPETITION_PEAK,2,26,260828026,15,53
POST_HOC_EXPLORATORY_K_ROBUSTNESS_OF_COMPETITION_PEAK,2,26,260828026,16,104
POST_HOC_EXPLORATORY_K_ROBUSTNESS_OF_COMPETITION_PEAK,2,26,260828026,17,20
POST_HOC_EXPLORATORY_K_ROBUSTNESS_OF_COMPETITION_PEAK,2,26,260828026,18,62
POST_HOC_EXPLORATORY_K_ROBUSTNESS_OF_COMPETITION_PEAK,2,26,260828026,19,13
POST_HOC_EXPLORATORY_K_ROBUSTNESS_OF_COMPETITION_PEAK,2,26,260828026,20,28
POST_HOC_EXPLORATORY_K_ROBUSTNESS_OF_COMPETITION_PEAK,2,26,260828026,21,15
POST_HOC_EXPLORATORY_K_ROBUSTNESS_OF_COMPETITION_PEAK,2,26,260828026,22,19
POST_HOC_EXPLORATORY_K_ROBUSTNESS_OF_COMPETITION_PEAK,2,26,260828026,23,6
POST_HOC_EXPLORATORY_K_ROBUSTNESS_OF_COMPETITION_PEAK,2,26,260828026,24,21
POST_HOC_EXPLORATORY_K_ROBUSTNESS_OF_COMPETITION_PEAK,2,26,260828026,25,5
POST_HOC_EXPLORATORY_K_ROBUSTNESS_OF_COMPETITION_PEAK,2,26,260828026,26,10
POST_HOC_EXPLORATORY_K_ROBUSTNESS_OF_COMPETITION_PEAK,2,26,260828026,27,6
POST_HOC_EXPLORATORY_K_ROBUSTNESS_OF_COMPETITION_PEAK,2,26,260828026,28,9
POST_HOC_EXPLORATORY_K_ROBUSTNESS_OF_COMPETITION_PEAK,2,26,260828026,30,6
POST_HOC_EXPLORATORY_K_ROBUSTNESS_OF_COMPETITION_PEAK,2,26,260828026,31,2
POST_HOC_EXPLORATORY_K_ROBUSTNESS_OF_COMPETITION_PEAK,2,26,260828026,32,2
POST_HOC_EXPLORATORY_K_ROBUSTNESS_OF_COMPETITION_PEAK,2,26,260828026,33,2
POST_HOC_EXPLORATORY_K_ROBUSTNESS_OF_COMPETITION_PEAK,2,26,260828026,34,1
POST_HOC_EXPLORATORY_K_ROBUSTNESS_OF_COMPETITION_PEAK,2,26,260828026,36,1
POST_HOC_EXPLORATORY_K_ROBUSTNESS_OF_COMPETITION_PEAK,2,26,260828026,38,1
POST_HOC_EXPLORATORY_K_ROBUSTNESS_OF_COMPETITION_PEAK,2,26,260828026,39,2
POST_HOC_EXPLORATORY_K_ROBUSTNESS_OF_COMPETITION_PEAK,2,26,260828026,40,1
POST_HOC_EXPLORATORY_K_ROBUSTNESS_OF_COMPETITION_PEAK,2,26,260828026,41,1
POST_HOC_EXPLORATORY_K_ROBUSTNESS_OF_COMPETITION_PEAK,2,26,260828026,43,1
POST_HOC_EXPLORATORY_K_ROBUSTNESS_OF_COMPETITION_PEAK,2,26,260828026,44,2
POST_HOC_EXPLORATORY_K_ROBUSTNESS_OF_COMPETITION_PEAK,2,26,260828026,46,1
POST_HOC_EXPLORATORY_K_ROBUSTNESS_OF_COMPETITION_PEAK,2,26,260828026,48,2
POST_HOC_EXPLORATORY_K_ROBUSTNESS_OF_COMPETITION_PEAK,2,26,260828026,50,1
POST_HOC_EXPLORATORY_K_ROBUSTNESS_OF_COMPETITION_PEAK,2,26,260828026,53,1
POST_HOC_EXPLORATORY_K_ROBUSTNESS_OF_COMPETITION_PEAK,2,26,260828026,60,2
POST_HOC_EXPLORATORY_K_ROBUSTNESS_OF_COMPETITION_PEAK,2,28,260828028,0,0
POST_HOC_EXPLORATORY_K_ROBUSTNESS_OF_COMPETITION_PEAK,2,28,260828028,1,49392
POST_HOC_EXPLORATORY_K_ROBUSTNESS_OF_COMPETITION_PEAK,2,28,260828028,2,28675
POST_HOC_EXPLORATORY_K_ROBUSTNESS_OF_COMPETITION_PEAK,2,28,260828028,3,7385
POST_HOC_EXPLORATORY_K_ROBUSTNESS_OF_COMPETITION_PEAK,2,28,260828028,4,7343
POST_HOC_EXPLORATORY_K_ROBUSTNESS_OF_COMPETITION_PEAK,2,28,260828028,5,1553
POST_HOC_EXPLORATORY_K_ROBUSTNESS_OF_COMPETITION_PEAK,2,28,260828028,6,2488
POST_HOC_EXPLORATORY_K_ROBUSTNESS_OF_COMPETITION_PEAK,2,28,260828028,7,537
POST_HOC_EXPLORATORY_K_ROBUSTNESS_OF_COMPETITION_PEAK,2,28,260828028,8,1071
POST_HOC_EXPLORATORY_K_ROBUSTNESS_OF_COMPETITION_PEAK,2,28,260828028,9,322
POST_HOC_EXPLORATORY_K_ROBUSTNESS_OF_COMPETITION_PEAK,2,28,260828028,10,345
POST_HOC_EXPLORATORY_K_ROBUSTNESS_OF_COMPETITION_PEAK,2,28,260828028,11,106
POST_HOC_EXPLORATORY_K_ROBUSTNESS_OF_COMPETITION_PEAK,2,28,260828028,12,292
POST_HOC_EXPLORATORY_K_ROBUSTNESS_OF_COMPETITION_PEAK,2,28,260828028,13,52
POST_HOC_EXPLORATORY_K_ROBUSTNESS_OF_COMPETITION_PEAK,2,28,260828028,14,102
POST_HOC_EXPLORATORY_K_ROBUSTNESS_OF_COMPETITION_PEAK,2,28,260828028,15,51
POST_HOC_EXPLORATORY_K_ROBUSTNESS_OF_COMPETITION_PEAK,2,28,260828028,16,90
POST_HOC_EXPLORATORY_K_ROBUSTNESS_OF_COMPETITION_PEAK,2,28,260828028,17,19
POST_HOC_EXPLORATORY_K_ROBUSTNESS_OF_COMPETITION_PEAK,2,28,260828028,18,47
POST_HOC_EXPLORATORY_K_ROBUSTNESS_OF_COMPETITION_PEAK,2,28,260828028,19,13
POST_HOC_EXPLORATORY_K_ROBUSTNESS_OF_COMPETITION_PEAK,2,28,260828028,20,28
POST_HOC_EXPLORATORY_K_ROBUSTNESS_OF_COMPETITION_PEAK,2,28,260828028,21,10
POST_HOC_EXPLORATORY_K_ROBUSTNESS_OF_COMPETITION_PEAK,2,28,260828028,22,19
POST_HOC_EXPLORATORY_K_ROBUSTNESS_OF_COMPETITION_PEAK,2,28,260828028,23,3
POST_HOC_EXPLORATORY_K_ROBUSTNESS_OF_COMPETITION_PEAK,2,28,260828028,24,19
POST_HOC_EXPLORATORY_K_ROBUSTNESS_OF_COMPETITION_PEAK,2,28,260828028,25,2
POST_HOC_EXPLORATORY_K_ROBUSTNESS_OF_COMPETITION_PEAK,2,28,260828028,26,5
POST_HOC_EXPLORATORY_K_ROBUSTNESS_OF_COMPETITION_PEAK,2,28,260828028,27,5
POST_HOC_EXPLORATORY_K_ROBUSTNESS_OF_COMPETITION_PEAK,2,28,260828028,28,6
POST_HOC_EXPLORATORY_K_ROBUSTNESS_OF_COMPETITION_PEAK,2,28,260828028,30,5
POST_HOC_EXPLORATORY_K_ROBUSTNESS_OF_COMPETITION_PEAK,2,28,260828028,31,1
POST_HOC_EXPLORATORY_K_ROBUSTNESS_OF_COMPETITION_PEAK,2,28,260828028,32,4
POST_HOC_EXPLORATORY_K_ROBUSTNESS_OF_COMPETITION_PEAK,2,28,260828028,34,1
POST_HOC_EXPLORATORY_K_ROBUSTNESS_OF_COMPETITION_PEAK,2,28,260828028,36,2
POST_HOC_EXPLORATORY_K_ROBUSTNESS_OF_COMPETITION_PEAK,2,28,260828028,37,2
POST_HOC_EXPLORATORY_K_ROBUSTNESS_OF_COMPETITION_PEAK,2,28,260828028,38,1
POST_HOC_EXPLORATORY_K_ROBUSTNESS_OF_COMPETITION_PEAK,2,28,260828028,39,1
POST_HOC_EXPLORATORY_K_ROBUSTNESS_OF_COMPETITION_PEAK,2,28,260828028,40,1
POST_HOC_EXPLORATORY_K_ROBUSTNESS_OF_COMPETITION_PEAK,2,28,260828028,49,1
POST_HOC_EXPLORATORY_K_ROBUSTNESS_OF_COMPETITION_PEAK,2,28,260828028,51,1
POST_HOC_EXPLORATORY_K_ROBUSTNESS_OF_COMPETITION_PEAK,2,30,260828030,0,0
POST_HOC_EXPLORATORY_K_ROBUSTNESS_OF_COMPETITION_PEAK,2,30,260828030,1,50516
POST_HOC_EXPLORATORY_K_ROBUSTNESS_OF_COMPETITION_PEAK,2,30,260828030,2,28726
POST_HOC_EXPLORATORY_K_ROBUSTNESS_OF_COMPETITION_PEAK,2,30,260828030,3,7182
POST_HOC_EXPLORATORY_K_ROBUSTNESS_OF_COMPETITION_PEAK,2,30,260828030,4,6938
POST_HOC_EXPLORATORY_K_ROBUSTNESS_OF_COMPETITION_PEAK,2,30,260828030,5,1466
POST_HOC_EXPLORATORY_K_ROBUSTNESS_OF_COMPETITION_PEAK,2,30,260828030,6,2319
POST_HOC_EXPLORATORY_K_ROBUSTNESS_OF_COMPETITION_PEAK,2,30,260828030,7,450
POST_HOC_EXPLORATORY_K_ROBUSTNESS_OF_COMPETITION_PEAK,2,30,260828030,8,1002
POST_HOC_EXPLORATORY_K_ROBUSTNESS_OF_COMPETITION_PEAK,2,30,260828030,9,316
POST_HOC_EXPLORATORY_K_ROBUSTNESS_OF_COMPETITION_PEAK,2,30,260828030,10,299
POST_HOC_EXPLORATORY_K_ROBUSTNESS_OF_COMPETITION_PEAK,2,30,260828030,11,93
POST_HOC_EXPLORATORY_K_ROBUSTNESS_OF_COMPETITION_PEAK,2,30,260828030,12,281
POST_HOC_EXPLORATORY_K_ROBUSTNESS_OF_COMPETITION_PEAK,2,30,260828030,13,51
POST_HOC_EXPLORATORY_K_ROBUSTNESS_OF_COMPETITION_PEAK,2,30,260828030,14,92
POST_HOC_EXPLORATORY_K_ROBUSTNESS_OF_COMPETITION_PEAK,2,30,260828030,15,43
POST_HOC_EXPLORATORY_K_ROBUSTNESS_OF_COMPETITION_PEAK,2,30,260828030,16,58
POST_HOC_EXPLORATORY_K_ROBUSTNESS_OF_COMPETITION_PEAK,2,30,260828030,17,10
POST_HOC_EXPLORATORY_K_ROBUSTNESS_OF_COMPETITION_PEAK,2,30,260828030,18,36
POST_HOC_EXPLORATORY_K_ROBUSTNESS_OF_COMPETITION_PEAK,2,30,260828030,19,11
POST_HOC_EXPLORATORY_K_ROBUSTNESS_OF_COMPETITION_PEAK,2,30,260828030,20,30
POST_HOC_EXPLORATORY_K_ROBUSTNESS_OF_COMPETITION_PEAK,2,30,260828030,21,13
POST_HOC_EXPLORATORY_K_ROBUSTNESS_OF_COMPETITION_PEAK,2,30,260828030,22,8
POST_HOC_EXPLORATORY_K_ROBUSTNESS_OF_COMPETITION_PEAK,2,30,260828030,23,2
POST_HOC_EXPLORATORY_K_ROBUSTNESS_OF_COMPETITION_PEAK,2,30,260828030,24,14
POST_HOC_EXPLORATORY_K_ROBUSTNESS_OF_COMPETITION_PEAK,2,30,260828030,25,5
POST_HOC_EXPLORATORY_K_ROBUSTNESS_OF_COMPETITION_PEAK,2,30,260828030,26,6
POST_HOC_EXPLORATORY_K_ROBUSTNESS_OF_COMPETITION_PEAK,2,30,260828030,27,2
POST_HOC_EXPLORATORY_K_ROBUSTNESS_OF_COMPETITION_PEAK,2,30,260828030,28,5
POST_HOC_EXPLORATORY_K_ROBUSTNESS_OF_COMPETITION_PEAK,2,30,260828030,29,1
POST_HOC_EXPLORATORY_K_ROBUSTNESS_OF_COMPETITION_PEAK,2,30,260828030,30,4
POST_HOC_EXPLORATORY_K_ROBUSTNESS_OF_COMPETITION_PEAK,2,30,260828030,32,4
POST_HOC_EXPLORATORY_K_ROBUSTNESS_OF_COMPETITION_PEAK,2,30,260828030,33,2
POST_HOC_EXPLORATORY_K_ROBUSTNESS_OF_COMPETITION_PEAK,2,30,260828030,34,3
POST_HOC_EXPLORATORY_K_ROBUSTNESS_OF_COMPETITION_PEAK,2,30,260828030,35,3
POST_HOC_EXPLORATORY_K_ROBUSTNESS_OF_COMPETITION_PEAK,2,30,260828030,36,5
POST_HOC_EXPLORATORY_K_ROBUSTNESS_OF_COMPETITION_PEAK,2,30,260828030,40,2
POST_HOC_EXPLORATORY_K_ROBUSTNESS_OF_COMPETITION_PEAK,2,30,260828030,59,1
POST_HOC_EXPLORATORY_K_ROBUSTNESS_OF_COMPETITION_PEAK,2,30,260828030,61,1
POST_HOC_EXPLORATORY_K_ROBUSTNESS_OF_COMPETITION_PEAK,2,32,260828032,0,0
POST_HOC_EXPLORATORY_K_ROBUSTNESS_OF_COMPETITION_PEAK,2,32,260828032,1,51534
POST_HOC_EXPLORATORY_K_ROBUSTNESS_OF_COMPETITION_PEAK,2,32,260828032,2,28531
POST_HOC_EXPLORATORY_K_ROBUSTNESS_OF_COMPETITION_PEAK,2,32,260828032,3,6966
POST_HOC_EXPLORATORY_K_ROBUSTNESS_OF_COMPETITION_PEAK,2,32,260828032,4,6905
POST_HOC_EXPLORATORY_K_ROBUSTNESS_OF_COMPETITION_PEAK,2,32,260828032,5,1299
POST_HOC_EXPLORATORY_K_ROBUSTNESS_OF_COMPETITION_PEAK,2,32,260828032,6,2201
POST_HOC_EXPLORATORY_K_ROBUSTNESS_OF_COMPETITION_PEAK,2,32,260828032,7,459
POST_HOC_EXPLORATORY_K_ROBUSTNESS_OF_COMPETITION_PEAK,2,32,260828032,8,853
POST_HOC_EXPLORATORY_K_ROBUSTNESS_OF_COMPETITION_PEAK,2,32,260828032,9,249
POST_HOC_EXPLORATORY_K_ROBUSTNESS_OF_COMPETITION_PEAK,2,32,260828032,10,309
POST_HOC_EXPLORATORY_K_ROBUSTNESS_OF_COMPETITION_PEAK,2,32,260828032,11,82
POST_HOC_EXPLORATORY_K_ROBUSTNESS_OF_COMPETITION_PEAK,2,32,260828032,12,263
POST_HOC_EXPLORATORY_K_ROBUSTNESS_OF_COMPETITION_PEAK,2,32,260828032,13,37
POST_HOC_EXPLORATORY_K_ROBUSTNESS_OF_COMPETITION_PEAK,2,32,260828032,14,75
POST_HOC_EXPLORATORY_K_ROBUSTNESS_OF_COMPETITION_PEAK,2,32,260828032,15,35
POST_HOC_EXPLORATORY_K_ROBUSTNESS_OF_COMPETITION_PEAK,2,32,260828032,16,66
POST_HOC_EXPLORATORY_K_ROBUSTNESS_OF_COMPETITION_PEAK,2,32,260828032,17,13
POST_HOC_EXPLORATORY_K_ROBUSTNESS_OF_COMPETITION_PEAK,2,32,260828032,18,38
POST_HOC_EXPLORATORY_K_ROBUSTNESS_OF_COMPETITION_PEAK,2,32,260828032,19,7
POST_HOC_EXPLORATORY_K_ROBUSTNESS_OF_COMPETITION_PEAK,2,32,260828032,20,20
POST_HOC_EXPLORATORY_K_ROBUSTNESS_OF_COMPETITION_PEAK,2,32,260828032,21,12
POST_HOC_EXPLORATORY_K_ROBUSTNESS_OF_COMPETITION_PEAK,2,32,260828032,22,12
POST_HOC_EXPLORATORY_K_ROBUSTNESS_OF_COMPETITION_PEAK,2,32,260828032,23,2
POST_HOC_EXPLORATORY_K_ROBUSTNESS_OF_COMPETITION_PEAK,2,32,260828032,24,8
POST_HOC_EXPLORATORY_K_ROBUSTNESS_OF_COMPETITION_PEAK,2,32,260828032,25,2
POST_HOC_EXPLORATORY_K_ROBUSTNESS_OF_COMPETITION_PEAK,2,32,260828032,26,4
POST_HOC_EXPLORATORY_K_ROBUSTNESS_OF_COMPETITION_PEAK,2,32,260828032,27,3
POST_HOC_EXPLORATORY_K_ROBUSTNESS_OF_COMPETITION_PEAK,2,32,260828032,28,1
POST_HOC_EXPLORATORY_K_ROBUSTNESS_OF_COMPETITION_PEAK,2,32,260828032,29,2
POST_HOC_EXPLORATORY_K_ROBUSTNESS_OF_COMPETITION_PEAK,2,32,260828032,30,3
POST_HOC_EXPLORATORY_K_ROBUSTNESS_OF_COMPETITION_PEAK,2,32,260828032,32,3
POST_HOC_EXPLORATORY_K_ROBUSTNESS_OF_COMPETITION_PEAK,2,32,260828032,34,3
POST_HOC_EXPLORATORY_K_ROBUSTNESS_OF_COMPETITION_PEAK,2,32,260828032,36,2
POST_HOC_EXPLORATORY_K_ROBUSTNESS_OF_COMPETITION_PEAK,2,32,260828032,40,1
POST_HOC_EXPLORATORY_K_ROBUSTNESS_OF_COMPETITION_PEAK,2,34,260828034,0,0
POST_HOC_EXPLORATORY_K_ROBUSTNESS_OF_COMPETITION_PEAK,2,34,260828034,1,52576
POST_HOC_EXPLORATORY_K_ROBUSTNESS_OF_COMPETITION_PEAK,2,34,260828034,2,28418
POST_HOC_EXPLORATORY_K_ROBUSTNESS_OF_COMPETITION_PEAK,2,34,260828034,3,6904
POST_HOC_EXPLORATORY_K_ROBUSTNESS_OF_COMPETITION_PEAK,2,34,260828034,4,6570
POST_HOC_EXPLORATORY_K_ROBUSTNESS_OF_COMPETITION_PEAK,2,34,260828034,5,1230
POST_HOC_EXPLORATORY_K_ROBUSTNESS_OF_COMPETITION_PEAK,2,34,260828034,6,2032
POST_HOC_EXPLORATORY_K_ROBUSTNESS_OF_COMPETITION_PEAK,2,34,260828034,7,373
POST_HOC_EXPLORATORY_K_ROBUSTNESS_OF_COMPETITION_PEAK,2,34,260828034,8,805
POST_HOC_EXPLORATORY_K_ROBUSTNESS_OF_COMPETITION_PEAK,2,34,260828034,9,242
POST_HOC_EXPLORATORY_K_ROBUSTNESS_OF_COMPETITION_PEAK,2,34,260828034,10,257
POST_HOC_EXPLORATORY_K_ROBUSTNESS_OF_COMPETITION_PEAK,2,34,260828034,11,73
POST_HOC_EXPLORATORY_K_ROBUSTNESS_OF_COMPETITION_PEAK,2,34,260828034,12,219
POST_HOC_EXPLORATORY_K_ROBUSTNESS_OF_COMPETITION_PEAK,2,34,260828034,13,26
POST_HOC_EXPLORATORY_K_ROBUSTNESS_OF_COMPETITION_PEAK,2,34,260828034,14,67
POST_HOC_EXPLORATORY_K_ROBUSTNESS_OF_COMPETITION_PEAK,2,34,260828034,15,38
POST_HOC_EXPLORATORY_K_ROBUSTNESS_OF_COMPETITION_PEAK,2,34,260828034,16,57
POST_HOC_EXPLORATORY_K_ROBUSTNESS_OF_COMPETITION_PEAK,2,34,260828034,17,9
POST_HOC_EXPLORATORY_K_ROBUSTNESS_OF_COMPETITION_PEAK,2,34,260828034,18,28
POST_HOC_EXPLORATORY_K_ROBUSTNESS_OF_COMPETITION_PEAK,2,34,260828034,19,6
POST_HOC_EXPLORATORY_K_ROBUSTNESS_OF_COMPETITION_PEAK,2,34,260828034,20,23
POST_HOC_EXPLORATORY_K_ROBUSTNESS_OF_COMPETITION_PEAK,2,34,260828034,21,9
POST_HOC_EXPLORATORY_K_ROBUSTNESS_OF_COMPETITION_PEAK,2,34,260828034,22,8
POST_HOC_EXPLORATORY_K_ROBUSTNESS_OF_COMPETITION_PEAK,2,34,260828034,23,1
POST_HOC_EXPLORATORY_K_ROBUSTNESS_OF_COMPETITION_PEAK,2,34,260828034,24,9
POST_HOC_EXPLORATORY_K_ROBUSTNESS_OF_COMPETITION_PEAK,2,34,260828034,26,4
POST_HOC_EXPLORATORY_K_ROBUSTNESS_OF_COMPETITION_PEAK,2,34,260828034,27,6
POST_HOC_EXPLORATORY_K_ROBUSTNESS_OF_COMPETITION_PEAK,2,34,260828034,28,3
POST_HOC_EXPLORATORY_K_ROBUSTNESS_OF_COMPETITION_PEAK,2,34,260828034,29,1
POST_HOC_EXPLORATORY_K_ROBUSTNESS_OF_COMPETITION_PEAK,2,34,260828034,30,3
POST_HOC_EXPLORATORY_K_ROBUSTNESS_OF_COMPETITION_PEAK,2,34,260828034,32,2
POST_HOC_EXPLORATORY_K_ROBUSTNESS_OF_COMPETITION_PEAK,2,34,260828034,36,1
POST_HOC_EXPLORATORY_K_ROBUSTNESS_OF_COMPETITION_PEAK,2,36,260828036,0,0
POST_HOC_EXPLORATORY_K_ROBUSTNESS_OF_COMPETITION_PEAK,2,36,260828036,1,53305
POST_HOC_EXPLORATORY_K_ROBUSTNESS_OF_COMPETITION_PEAK,2,36,260828036,2,28449
POST_HOC_EXPLORATORY_K_ROBUSTNESS_OF_COMPETITION_PEAK,2,36,260828036,3,6724
POST_HOC_EXPLORATORY_K_ROBUSTNESS_OF_COMPETITION_PEAK,2,36,260828036,4,6262
POST_HOC_EXPLORATORY_K_ROBUSTNESS_OF_COMPETITION_PEAK,2,36,260828036,5,1226
POST_HOC_EXPLORATORY_K_ROBUSTNESS_OF_COMPETITION_PEAK,2,36,260828036,6,2000
POST_HOC_EXPLORATORY_K_ROBUSTNESS_OF_COMPETITION_PEAK,2,36,260828036,7,361
POST_HOC_EXPLORATORY_K_ROBUSTNESS_OF_COMPETITION_PEAK,2,36,260828036,8,691
POST_HOC_EXPLORATORY_K_ROBUSTNESS_OF_COMPETITION_PEAK,2,36,260828036,9,231
POST_HOC_EXPLORATORY_K_ROBUSTNESS_OF_COMPETITION_PEAK,2,36,260828036,10,229
POST_HOC_EXPLORATORY_K_ROBUSTNESS_OF_COMPETITION_PEAK,2,36,260828036,11,60
POST_HOC_EXPLORATORY_K_ROBUSTNESS_OF_COMPETITION_PEAK,2,36,260828036,12,205
POST_HOC_EXPLORATORY_K_ROBUSTNESS_OF_COMPETITION_PEAK,2,36,260828036,13,26
POST_HOC_EXPLORATORY_K_ROBUSTNESS_OF_COMPETITION_PEAK,2,36,260828036,14,56
POST_HOC_EXPLORATORY_K_ROBUSTNESS_OF_COMPETITION_PEAK,2,36,260828036,15,25
POST_HOC_EXPLORATORY_K_ROBUSTNESS_OF_COMPETITION_PEAK,2,36,260828036,16,45
POST_HOC_EXPLORATORY_K_ROBUSTNESS_OF_COMPETITION_PEAK,2,36,260828036,17,10
POST_HOC_EXPLORATORY_K_ROBUSTNESS_OF_COMPETITION_PEAK,2,36,260828036,18,36
POST_HOC_EXPLORATORY_K_ROBUSTNESS_OF_COMPETITION_PEAK,2,36,260828036,19,3
POST_HOC_EXPLORATORY_K_ROBUSTNESS_OF_COMPETITION_PEAK,2,36,260828036,20,13
POST_HOC_EXPLORATORY_K_ROBUSTNESS_OF_COMPETITION_PEAK,2,36,260828036,21,7
POST_HOC_EXPLORATORY_K_ROBUSTNESS_OF_COMPETITION_PEAK,2,36,260828036,22,6
POST_HOC_EXPLORATORY_K_ROBUSTNESS_OF_COMPETITION_PEAK,2,36,260828036,23,2
POST_HOC_EXPLORATORY_K_ROBUSTNESS_OF_COMPETITION_PEAK,2,36,260828036,24,7
POST_HOC_EXPLORATORY_K_ROBUSTNESS_OF_COMPETITION_PEAK,2,36,260828036,25,4
POST_HOC_EXPLORATORY_K_ROBUSTNESS_OF_COMPETITION_PEAK,2,36,260828036,26,3
POST_HOC_EXPLORATORY_K_ROBUSTNESS_OF_COMPETITION_PEAK,2,36,260828036,27,2
POST_HOC_EXPLORATORY_K_ROBUSTNESS_OF_COMPETITION_PEAK,2,36,260828036,28,4
POST_HOC_EXPLORATORY_K_ROBUSTNESS_OF_COMPETITION_PEAK,2,36,260828036,30,4
POST_HOC_EXPLORATORY_K_ROBUSTNESS_OF_COMPETITION_PEAK,2,36,260828036,32,1
POST_HOC_EXPLORATORY_K_ROBUSTNESS_OF_COMPETITION_PEAK,2,36,260828036,34,1
POST_HOC_EXPLORATORY_K_ROBUSTNESS_OF_COMPETITION_PEAK,2,36,260828036,36,1
POST_HOC_EXPLORATORY_K_ROBUSTNESS_OF_COMPETITION_PEAK,2,36,260828036,39,1
POST_HOC_EXPLORATORY_K_ROBUSTNESS_OF_COMPETITION_PEAK,2,38,260828038,0,0
POST_HOC_EXPLORATORY_K_ROBUSTNESS_OF_COMPETITION_PEAK,2,38,260828038,1,54107
POST_HOC_EXPLORATORY_K_ROBUSTNESS_OF_COMPETITION_PEAK,2,38,260828038,2,28253
POST_HOC_EXPLORATORY_K_ROBUSTNESS_OF_COMPETITION_PEAK,2,38,260828038,3,6520
POST_HOC_EXPLORATORY_K_ROBUSTNESS_OF_COMPETITION_PEAK,2,38,260828038,4,6304
POST_HOC_EXPLORATORY_K_ROBUSTNESS_OF_COMPETITION_PEAK,2,38,260828038,5,1096
POST_HOC_EXPLORATORY_K_ROBUSTNESS_OF_COMPETITION_PEAK,2,38,260828038,6,1878
POST_HOC_EXPLORATORY_K_ROBUSTNESS_OF_COMPETITION_PEAK,2,38,260828038,7,315
POST_HOC_EXPLORATORY_K_ROBUSTNESS_OF_COMPETITION_PEAK,2,38,260828038,8,709
POST_HOC_EXPLORATORY_K_ROBUSTNESS_OF_COMPETITION_PEAK,2,38,260828038,9,201
POST_HOC_EXPLORATORY_K_ROBUSTNESS_OF_COMPETITION_PEAK,2,38,260828038,10,178
POST_HOC_EXPLORATORY_K_ROBUSTNESS_OF_COMPETITION_PEAK,2,38,260828038,11,54
POST_HOC_EXPLORATORY_K_ROBUSTNESS_OF_COMPETITION_PEAK,2,38,260828038,12,179
POST_HOC_EXPLORATORY_K_ROBUSTNESS_OF_COMPETITION_PEAK,2,38,260828038,13,28
POST_HOC_EXPLORATORY_K_ROBUSTNESS_OF_COMPETITION_PEAK,2,38,260828038,14,39
POST_HOC_EXPLORATORY_K_ROBUSTNESS_OF_COMPETITION_PEAK,2,38,260828038,15,14
POST_HOC_EXPLORATORY_K_ROBUSTNESS_OF_COMPETITION_PEAK,2,38,260828038,16,43
POST_HOC_EXPLORATORY_K_ROBUSTNESS_OF_COMPETITION_PEAK,2,38,260828038,17,10
POST_HOC_EXPLORATORY_K_ROBUSTNESS_OF_COMPETITION_PEAK,2,38,260828038,18,24
POST_HOC_EXPLORATORY_K_ROBUSTNESS_OF_COMPETITION_PEAK,2,38,260828038,19,5
POST_HOC_EXPLORATORY_K_ROBUSTNESS_OF_COMPETITION_PEAK,2,38,260828038,20,11
POST_HOC_EXPLORATORY_K_ROBUSTNESS_OF_COMPETITION_PEAK,2,38,260828038,21,4
POST_HOC_EXPLORATORY_K_ROBUSTNESS_OF_COMPETITION_PEAK,2,38,260828038,22,5
POST_HOC_EXPLORATORY_K_ROBUSTNESS_OF_COMPETITION_PEAK,2,38,260828038,23,1
POST_HOC_EXPLORATORY_K_ROBUSTNESS_OF_COMPETITION_PEAK,2,38,260828038,24,9
POST_HOC_EXPLORATORY_K_ROBUSTNESS_OF_COMPETITION_PEAK,2,38,260828038,25,1
POST_HOC_EXPLORATORY_K_ROBUSTNESS_OF_COMPETITION_PEAK,2,38,260828038,26,1
POST_HOC_EXPLORATORY_K_ROBUSTNESS_OF_COMPETITION_PEAK,2,38,260828038,27,1
POST_HOC_EXPLORATORY_K_ROBUSTNESS_OF_COMPETITION_PEAK,2,38,260828038,28,2
POST_HOC_EXPLORATORY_K_ROBUSTNESS_OF_COMPETITION_PEAK,2,38,260828038,30,1
POST_HOC_EXPLORATORY_K_ROBUSTNESS_OF_COMPETITION_PEAK,2,38,260828038,31,1
POST_HOC_EXPLORATORY_K_ROBUSTNESS_OF_COMPETITION_PEAK,2,38,260828038,32,1
POST_HOC_EXPLORATORY_K_ROBUSTNESS_OF_COMPETITION_PEAK,2,38,260828038,33,1
POST_HOC_EXPLORATORY_K_ROBUSTNESS_OF_COMPETITION_PEAK,2,38,260828038,36,1
POST_HOC_EXPLORATORY_K_ROBUSTNESS_OF_COMPETITION_PEAK,2,38,260828038,48,1
POST_HOC_EXPLORATORY_K_ROBUSTNESS_OF_COMPETITION_PEAK,2,38,260828038,51,2
POST_HOC_EXPLORATORY_K_ROBUSTNESS_OF_COMPETITION_PEAK,2,40,260828040,0,0
POST_HOC_EXPLORATORY_K_ROBUSTNESS_OF_COMPETITION_PEAK,2,40,260828040,1,55046
POST_HOC_EXPLORATORY_K_ROBUSTNESS_OF_COMPETITION_PEAK,2,40,260828040,2,28271
POST_HOC_EXPLORATORY_K_ROBUSTNESS_OF_COMPETITION_PEAK,2,40,260828040,3,6219
POST_HOC_EXPLORATORY_K_ROBUSTNESS_OF_COMPETITION_PEAK,2,40,260828040,4,6080
POST_HOC_EXPLORATORY_K_ROBUSTNESS_OF_COMPETITION_PEAK,2,40,260828040,5,992
POST_HOC_EXPLORATORY_K_ROBUSTNESS_OF_COMPETITION_PEAK,2,40,260828040,6,1707
POST_HOC_EXPLORATORY_K_ROBUSTNESS_OF_COMPETITION_PEAK,2,40,260828040,7,284
POST_HOC_EXPLORATORY_K_ROBUSTNESS_OF_COMPETITION_PEAK,2,40,260828040,8,652
POST_HOC_EXPLORATORY_K_ROBUSTNESS_OF_COMPETITION_PEAK,2,40,260828040,9,175
POST_HOC_EXPLORATORY_K_ROBUSTNESS_OF_COMPETITION_PEAK,2,40,260828040,10,168
POST_HOC_EXPLORATORY_K_ROBUSTNESS_OF_COMPETITION_PEAK,2,40,260828040,11,40
POST_HOC_EXPLORATORY_K_ROBUSTNESS_OF_COMPETITION_PEAK,2,40,260828040,12,179
POST_HOC_EXPLORATORY_K_ROBUSTNESS_OF_COMPETITION_PEAK,2,40,260828040,13,20
POST_HOC_EXPLORATORY_K_ROBUSTNESS_OF_COMPETITION_PEAK,2,40,260828040,14,37
POST_HOC_EXPLORATORY_K_ROBUSTNESS_OF_COMPETITION_PEAK,2,40,260828040,15,21
POST_HOC_EXPLORATORY_K_ROBUSTNESS_OF_COMPETITION_PEAK,2,40,260828040,16,39
POST_HOC_EXPLORATORY_K_ROBUSTNESS_OF_COMPETITION_PEAK,2,40,260828040,17,7
POST_HOC_EXPLORATORY_K_ROBUSTNESS_OF_COMPETITION_PEAK,2,40,260828040,18,29
POST_HOC_EXPLORATORY_K_ROBUSTNESS_OF_COMPETITION_PEAK,2,40,260828040,19,4
POST_HOC_EXPLORATORY_K_ROBUSTNESS_OF_COMPETITION_PEAK,2,40,260828040,20,10
POST_HOC_EXPLORATORY_K_ROBUSTNESS_OF_COMPETITION_PEAK,2,40,260828040,21,5
POST_HOC_EXPLORATORY_K_ROBUSTNESS_OF_COMPETITION_PEAK,2,40,260828040,22,2
POST_HOC_EXPLORATORY_K_ROBUSTNESS_OF_COMPETITION_PEAK,2,40,260828040,24,4
POST_HOC_EXPLORATORY_K_ROBUSTNESS_OF_COMPETITION_PEAK,2,40,260828040,25,1
POST_HOC_EXPLORATORY_K_ROBUSTNESS_OF_COMPETITION_PEAK,2,40,260828040,26,2
POST_HOC_EXPLORATORY_K_ROBUSTNESS_OF_COMPETITION_PEAK,2,40,260828040,27,4
POST_HOC_EXPLORATORY_K_ROBUSTNESS_OF_COMPETITION_PEAK,2,40,260828040,42,1
POST_HOC_EXPLORATORY_K_ROBUSTNESS_OF_COMPETITION_PEAK,2,40,260828040,47,1
POST_HOC_EXPLORATORY_K_ROBUSTNESS_OF_COMPETITION_PEAK,3,20,260828020,0,14131
POST_HOC_EXPLORATORY_K_ROBUSTNESS_OF_COMPETITION_PEAK,3,20,260828020,1,41377
POST_HOC_EXPLORATORY_K_ROBUSTNESS_OF_COMPETITION_PEAK,3,20,260828020,2,25433
POST_HOC_EXPLORATORY_K_ROBUSTNESS_OF_COMPETITION_PEAK,3,20,260828020,3,6557
POST_HOC_EXPLORATORY_K_ROBUSTNESS_OF_COMPETITION_PEAK,3,20,260828020,4,6875
POST_HOC_EXPLORATORY_K_ROBUSTNESS_OF_COMPETITION_PEAK,3,20,260828020,5,1477
POST_HOC_EXPLORATORY_K_ROBUSTNESS_OF_COMPETITION_PEAK,3,20,260828020,6,2116
POST_HOC_EXPLORATORY_K_ROBUSTNESS_OF_COMPETITION_PEAK,3,20,260828020,7,433
POST_HOC_EXPLORATORY_K_ROBUSTNESS_OF_COMPETITION_PEAK,3,20,260828020,8,819
POST_HOC_EXPLORATORY_K_ROBUSTNESS_OF_COMPETITION_PEAK,3,20,260828020,9,183
POST_HOC_EXPLORATORY_K_ROBUSTNESS_OF_COMPETITION_PEAK,3,20,260828020,10,218
POST_HOC_EXPLORATORY_K_ROBUSTNESS_OF_COMPETITION_PEAK,3,20,260828020,11,53
POST_HOC_EXPLORATORY_K_ROBUSTNESS_OF_COMPETITION_PEAK,3,20,260828020,12,168
POST_HOC_EXPLORATORY_K_ROBUSTNESS_OF_COMPETITION_PEAK,3,20,260828020,13,28
POST_HOC_EXPLORATORY_K_ROBUSTNESS_OF_COMPETITION_PEAK,3,20,260828020,14,50
POST_HOC_EXPLORATORY_K_ROBUSTNESS_OF_COMPETITION_PEAK,3,20,260828020,15,21
POST_HOC_EXPLORATORY_K_ROBUSTNESS_OF_COMPETITION_PEAK,3,20,260828020,16,23
POST_HOC_EXPLORATORY_K_ROBUSTNESS_OF_COMPETITION_PEAK,3,20,260828020,17,5
POST_HOC_EXPLORATORY_K_ROBUSTNESS_OF_COMPETITION_PEAK,3,20,260828020,18,14
POST_HOC_EXPLORATORY_K_ROBUSTNESS_OF_COMPETITION_PEAK,3,20,260828020,19,2
POST_HOC_EXPLORATORY_K_ROBUSTNESS_OF_COMPETITION_PEAK,3,20,260828020,20,7
POST_HOC_EXPLORATORY_K_ROBUSTNESS_OF_COMPETITION_PEAK,3,20,260828020,21,1
POST_HOC_EXPLORATORY_K_ROBUSTNESS_OF_COMPETITION_PEAK,3,20,260828020,22,3
POST_HOC_EXPLORATORY_K_ROBUSTNESS_OF_COMPETITION_PEAK,3,20,260828020,24,3
POST_HOC_EXPLORATORY_K_ROBUSTNESS_OF_COMPETITION_PEAK,3,20,260828020,26,1
POST_HOC_EXPLORATORY_K_ROBUSTNESS_OF_COMPETITION_PEAK,3,20,260828020,28,2
POST_HOC_EXPLORATORY_K_ROBUSTNESS_OF_COMPETITION_PEAK,3,22,260828022,0,7140
POST_HOC_EXPLORATORY_K_ROBUSTNESS_OF_COMPETITION_PEAK,3,22,260828022,1,44033
POST_HOC_EXPLORATORY_K_ROBUSTNESS_OF_COMPETITION_PEAK,3,22,260828022,2,27136
POST_HOC_EXPLORATORY_K_ROBUSTNESS_OF_COMPETITION_PEAK,3,22,260828022,3,7397
POST_HOC_EXPLORATORY_K_ROBUSTNESS_OF_COMPETITION_PEAK,3,22,260828022,4,7478
POST_HOC_EXPLORATORY_K_ROBUSTNESS_OF_COMPETITION_PEAK,3,22,260828022,5,1614
POST_HOC_EXPLORATORY_K_ROBUSTNESS_OF_COMPETITION_PEAK,3,22,260828022,6,2423
POST_HOC_EXPLORATORY_K_ROBUSTNESS_OF_COMPETITION_PEAK,3,22,260828022,7,529
POST_HOC_EXPLORATORY_K_ROBUSTNESS_OF_COMPETITION_PEAK,3,22,260828022,8,1013
POST_HOC_EXPLORATORY_K_ROBUSTNESS_OF_COMPETITION_PEAK,3,22,260828022,9,295
POST_HOC_EXPLORATORY_K_ROBUSTNESS_OF_COMPETITION_PEAK,3,22,260828022,10,354
POST_HOC_EXPLORATORY_K_ROBUSTNESS_OF_COMPETITION_PEAK,3,22,260828022,11,87
POST_HOC_EXPLORATORY_K_ROBUSTNESS_OF_COMPETITION_PEAK,3,22,260828022,12,232
POST_HOC_EXPLORATORY_K_ROBUSTNESS_OF_COMPETITION_PEAK,3,22,260828022,13,30
POST_HOC_EXPLORATORY_K_ROBUSTNESS_OF_COMPETITION_PEAK,3,22,260828022,14,72
POST_HOC_EXPLORATORY_K_ROBUSTNESS_OF_COMPETITION_PEAK,3,22,260828022,15,36
POST_HOC_EXPLORATORY_K_ROBUSTNESS_OF_COMPETITION_PEAK,3,22,260828022,16,43
POST_HOC_EXPLORATORY_K_ROBUSTNESS_OF_COMPETITION_PEAK,3,22,260828022,17,9
POST_HOC_EXPLORATORY_K_ROBUSTNESS_OF_COMPETITION_PEAK,3,22,260828022,18,22
POST_HOC_EXPLORATORY_K_ROBUSTNESS_OF_COMPETITION_PEAK,3,22,260828022,19,4
POST_HOC_EXPLORATORY_K_ROBUSTNESS_OF_COMPETITION_PEAK,3,22,260828022,20,14
POST_HOC_EXPLORATORY_K_ROBUSTNESS_OF_COMPETITION_PEAK,3,22,260828022,21,7
POST_HOC_EXPLORATORY_K_ROBUSTNESS_OF_COMPETITION_PEAK,3,22,260828022,22,5
POST_HOC_EXPLORATORY_K_ROBUSTNESS_OF_COMPETITION_PEAK,3,22,260828022,23,1
POST_HOC_EXPLORATORY_K_ROBUSTNESS_OF_COMPETITION_PEAK,3,22,260828022,24,10
POST_HOC_EXPLORATORY_K_ROBUSTNESS_OF_COMPETITION_PEAK,3,22,260828022,26,3
POST_HOC_EXPLORATORY_K_ROBUSTNESS_OF_COMPETITION_PEAK,3,22,260828022,27,5
POST_HOC_EXPLORATORY_K_ROBUSTNESS_OF_COMPETITION_PEAK,3,22,260828022,28,2
POST_HOC_EXPLORATORY_K_ROBUSTNESS_OF_COMPETITION_PEAK,3,22,260828022,29,1
POST_HOC_EXPLORATORY_K_ROBUSTNESS_OF_COMPETITION_PEAK,3,22,260828022,30,2
POST_HOC_EXPLORATORY_K_ROBUSTNESS_OF_COMPETITION_PEAK,3,22,260828022,32,1
POST_HOC_EXPLORATORY_K_ROBUSTNESS_OF_COMPETITION_PEAK,3,22,260828022,34,1
POST_HOC_EXPLORATORY_K_ROBUSTNESS_OF_COMPETITION_PEAK,3,22,260828022,36,1
POST_HOC_EXPLORATORY_K_ROBUSTNESS_OF_COMPETITION_PEAK,3,24,260828024,0,3384
POST_HOC_EXPLORATORY_K_ROBUSTNESS_OF_COMPETITION_PEAK,3,24,260828024,1,46380
POST_HOC_EXPLORATORY_K_ROBUSTNESS_OF_COMPETITION_PEAK,3,24,260828024,2,27837
POST_HOC_EXPLORATORY_K_ROBUSTNESS_OF_COMPETITION_PEAK,3,24,260828024,3,7508
POST_HOC_EXPLORATORY_K_ROBUSTNESS_OF_COMPETITION_PEAK,3,24,260828024,4,7540
POST_HOC_EXPLORATORY_K_ROBUSTNESS_OF_COMPETITION_PEAK,3,24,260828024,5,1699
POST_HOC_EXPLORATORY_K_ROBUSTNESS_OF_COMPETITION_PEAK,3,24,260828024,6,2535
POST_HOC_EXPLORATORY_K_ROBUSTNESS_OF_COMPETITION_PEAK,3,24,260828024,7,565
POST_HOC_EXPLORATORY_K_ROBUSTNESS_OF_COMPETITION_PEAK,3,24,260828024,8,1074
POST_HOC_EXPLORATORY_K_ROBUSTNESS_OF_COMPETITION_PEAK,3,24,260828024,9,319
POST_HOC_EXPLORATORY_K_ROBUSTNESS_OF_COMPETITION_PEAK,3,24,260828024,10,380
POST_HOC_EXPLORATORY_K_ROBUSTNESS_OF_COMPETITION_PEAK,3,24,260828024,11,78
POST_HOC_EXPLORATORY_K_ROBUSTNESS_OF_COMPETITION_PEAK,3,24,260828024,12,301
POST_HOC_EXPLORATORY_K_ROBUSTNESS_OF_COMPETITION_PEAK,3,24,260828024,13,57
POST_HOC_EXPLORATORY_K_ROBUSTNESS_OF_COMPETITION_PEAK,3,24,260828024,14,91
POST_HOC_EXPLORATORY_K_ROBUSTNESS_OF_COMPETITION_PEAK,3,24,260828024,15,46
POST_HOC_EXPLORATORY_K_ROBUSTNESS_OF_COMPETITION_PEAK,3,24,260828024,16,72
POST_HOC_EXPLORATORY_K_ROBUSTNESS_OF_COMPETITION_PEAK,3,24,260828024,17,13
POST_HOC_EXPLORATORY_K_ROBUSTNESS_OF_COMPETITION_PEAK,3,24,260828024,18,45
POST_HOC_EXPLORATORY_K_ROBUSTNESS_OF_COMPETITION_PEAK,3,24,260828024,19,6
POST_HOC_EXPLORATORY_K_ROBUSTNESS_OF_COMPETITION_PEAK,3,24,260828024,20,15
POST_HOC_EXPLORATORY_K_ROBUSTNESS_OF_COMPETITION_PEAK,3,24,260828024,21,6
POST_HOC_EXPLORATORY_K_ROBUSTNESS_OF_COMPETITION_PEAK,3,24,260828024,22,9
POST_HOC_EXPLORATORY_K_ROBUSTNESS_OF_COMPETITION_PEAK,3,24,260828024,23,1
POST_HOC_EXPLORATORY_K_ROBUSTNESS_OF_COMPETITION_PEAK,3,24,260828024,24,16
POST_HOC_EXPLORATORY_K_ROBUSTNESS_OF_COMPETITION_PEAK,3,24,260828024,26,3
POST_HOC_EXPLORATORY_K_ROBUSTNESS_OF_COMPETITION_PEAK,3,24,260828024,27,4
POST_HOC_EXPLORATORY_K_ROBUSTNESS_OF_COMPETITION_PEAK,3,24,260828024,28,1
POST_HOC_EXPLORATORY_K_ROBUSTNESS_OF_COMPETITION_PEAK,3,24,260828024,30,5
POST_HOC_EXPLORATORY_K_ROBUSTNESS_OF_COMPETITION_PEAK,3,24,260828024,32,2
POST_HOC_EXPLORATORY_K_ROBUSTNESS_OF_COMPETITION_PEAK,3,24,260828024,33,1
POST_HOC_EXPLORATORY_K_ROBUSTNESS_OF_COMPETITION_PEAK,3,24,260828024,34,1
POST_HOC_EXPLORATORY_K_ROBUSTNESS_OF_COMPETITION_PEAK,3,24,260828024,36,2
POST_HOC_EXPLORATORY_K_ROBUSTNESS_OF_COMPETITION_PEAK,3,24,260828024,37,1
POST_HOC_EXPLORATORY_K_ROBUSTNESS_OF_COMPETITION_PEAK,3,24,260828024,42,1
POST_HOC_EXPLORATORY_K_ROBUSTNESS_OF_COMPETITION_PEAK,3,24,260828024,44,1
POST_HOC_EXPLORATORY_K_ROBUSTNESS_OF_COMPETITION_PEAK,3,24,260828024,46,1
POST_HOC_EXPLORATORY_K_ROBUSTNESS_OF_COMPETITION_PEAK,3,26,260828026,0,1264
POST_HOC_EXPLORATORY_K_ROBUSTNESS_OF_COMPETITION_PEAK,3,26,260828026,1,48222
POST_HOC_EXPLORATORY_K_ROBUSTNESS_OF_COMPETITION_PEAK,3,26,260828026,2,28513
POST_HOC_EXPLORATORY_K_ROBUSTNESS_OF_COMPETITION_PEAK,3,26,260828026,3,7537
POST_HOC_EXPLORATORY_K_ROBUSTNESS_OF_COMPETITION_PEAK,3,26,260828026,4,7292
POST_HOC_EXPLORATORY_K_ROBUSTNESS_OF_COMPETITION_PEAK,3,26,260828026,5,1559
POST_HOC_EXPLORATORY_K_ROBUSTNESS_OF_COMPETITION_PEAK,3,26,260828026,6,2566
POST_HOC_EXPLORATORY_K_ROBUSTNESS_OF_COMPETITION_PEAK,3,26,260828026,7,554
POST_HOC_EXPLORATORY_K_ROBUSTNESS_OF_COMPETITION_PEAK,3,26,260828026,8,1028
POST_HOC_EXPLORATORY_K_ROBUSTNESS_OF_COMPETITION_PEAK,3,26,260828026,9,307
POST_HOC_EXPLORATORY_K_ROBUSTNESS_OF_COMPETITION_PEAK,3,26,260828026,10,354
POST_HOC_EXPLORATORY_K_ROBUSTNESS_OF_COMPETITION_PEAK,3,26,260828026,11,95
POST_HOC_EXPLORATORY_K_ROBUSTNESS_OF_COMPETITION_PEAK,3,26,260828026,12,282
POST_HOC_EXPLORATORY_K_ROBUSTNESS_OF_COMPETITION_PEAK,3,26,260828026,13,51
POST_HOC_EXPLORATORY_K_ROBUSTNESS_OF_COMPETITION_PEAK,3,26,260828026,14,94
POST_HOC_EXPLORATORY_K_ROBUSTNESS_OF_COMPETITION_PEAK,3,26,260828026,15,41
POST_HOC_EXPLORATORY_K_ROBUSTNESS_OF_COMPETITION_PEAK,3,26,260828026,16,88
POST_HOC_EXPLORATORY_K_ROBUSTNESS_OF_COMPETITION_PEAK,3,26,260828026,17,18
POST_HOC_EXPLORATORY_K_ROBUSTNESS_OF_COMPETITION_PEAK,3,26,260828026,18,49
POST_HOC_EXPLORATORY_K_ROBUSTNESS_OF_COMPETITION_PEAK,3,26,260828026,19,7
POST_HOC_EXPLORATORY_K_ROBUSTNESS_OF_COMPETITION_PEAK,3,26,260828026,20,18
POST_HOC_EXPLORATORY_K_ROBUSTNESS_OF_COMPETITION_PEAK,3,26,260828026,21,4
POST_HOC_EXPLORATORY_K_ROBUSTNESS_OF_COMPETITION_PEAK,3,26,260828026,22,11
POST_HOC_EXPLORATORY_K_ROBUSTNESS_OF_COMPETITION_PEAK,3,26,260828026,23,3
POST_HOC_EXPLORATORY_K_ROBUSTNESS_OF_COMPETITION_PEAK,3,26,260828026,24,18
POST_HOC_EXPLORATORY_K_ROBUSTNESS_OF_COMPETITION_PEAK,3,26,260828026,25,2
POST_HOC_EXPLORATORY_K_ROBUSTNESS_OF_COMPETITION_PEAK,3,26,260828026,26,8
POST_HOC_EXPLORATORY_K_ROBUSTNESS_OF_COMPETITION_PEAK,3,26,260828026,27,2
POST_HOC_EXPLORATORY_K_ROBUSTNESS_OF_COMPETITION_PEAK,3,26,260828026,28,4
POST_HOC_EXPLORATORY_K_ROBUSTNESS_OF_COMPETITION_PEAK,3,26,260828026,30,2
POST_HOC_EXPLORATORY_K_ROBUSTNESS_OF_COMPETITION_PEAK,3,26,260828026,31,2
POST_HOC_EXPLORATORY_K_ROBUSTNESS_OF_COMPETITION_PEAK,3,26,260828026,33,1
POST_HOC_EXPLORATORY_K_ROBUSTNESS_OF_COMPETITION_PEAK,3,26,260828026,34,1
POST_HOC_EXPLORATORY_K_ROBUSTNESS_OF_COMPETITION_PEAK,3,26,260828026,36,1
POST_HOC_EXPLORATORY_K_ROBUSTNESS_OF_COMPETITION_PEAK,3,26,260828026,39,1
POST_HOC_EXPLORATORY_K_ROBUSTNESS_OF_COMPETITION_PEAK,3,26,260828026,46,1
POST_HOC_EXPLORATORY_K_ROBUSTNESS_OF_COMPETITION_PEAK,3,28,260828028,0,493
POST_HOC_EXPLORATORY_K_ROBUSTNESS_OF_COMPETITION_PEAK,3,28,260828028,1,49302
POST_HOC_EXPLORATORY_K_ROBUSTNESS_OF_COMPETITION_PEAK,3,28,260828028,2,28588
POST_HOC_EXPLORATORY_K_ROBUSTNESS_OF_COMPETITION_PEAK,3,28,260828028,3,7333
POST_HOC_EXPLORATORY_K_ROBUSTNESS_OF_COMPETITION_PEAK,3,28,260828028,4,7289
POST_HOC_EXPLORATORY_K_ROBUSTNESS_OF_COMPETITION_PEAK,3,28,260828028,5,1528
POST_HOC_EXPLORATORY_K_ROBUSTNESS_OF_COMPETITION_PEAK,3,28,260828028,6,2453
POST_HOC_EXPLORATORY_K_ROBUSTNESS_OF_COMPETITION_PEAK,3,28,260828028,7,521
POST_HOC_EXPLORATORY_K_ROBUSTNESS_OF_COMPETITION_PEAK,3,28,260828028,8,1046
POST_HOC_EXPLORATORY_K_ROBUSTNESS_OF_COMPETITION_PEAK,3,28,260828028,9,312
POST_HOC_EXPLORATORY_K_ROBUSTNESS_OF_COMPETITION_PEAK,3,28,260828028,10,329
POST_HOC_EXPLORATORY_K_ROBUSTNESS_OF_COMPETITION_PEAK,3,28,260828028,11,94
POST_HOC_EXPLORATORY_K_ROBUSTNESS_OF_COMPETITION_PEAK,3,28,260828028,12,280
POST_HOC_EXPLORATORY_K_ROBUSTNESS_OF_COMPETITION_PEAK,3,28,260828028,13,52
POST_HOC_EXPLORATORY_K_ROBUSTNESS_OF_COMPETITION_PEAK,3,28,260828028,14,95
POST_HOC_EXPLORATORY_K_ROBUSTNESS_OF_COMPETITION_PEAK,3,28,260828028,15,45
POST_HOC_EXPLORATORY_K_ROBUSTNESS_OF_COMPETITION_PEAK,3,28,260828028,16,79
POST_HOC_EXPLORATORY_K_ROBUSTNESS_OF_COMPETITION_PEAK,3,28,260828028,17,17
POST_HOC_EXPLORATORY_K_ROBUSTNESS_OF_COMPETITION_PEAK,3,28,260828028,18,38
POST_HOC_EXPLORATORY_K_ROBUSTNESS_OF_COMPETITION_PEAK,3,28,260828028,19,13
POST_HOC_EXPLORATORY_K_ROBUSTNESS_OF_COMPETITION_PEAK,3,28,260828028,20,23
POST_HOC_EXPLORATORY_K_ROBUSTNESS_OF_COMPETITION_PEAK,3,28,260828028,21,9
POST_HOC_EXPLORATORY_K_ROBUSTNESS_OF_COMPETITION_PEAK,3,28,260828028,22,15
POST_HOC_EXPLORATORY_K_ROBUSTNESS_OF_COMPETITION_PEAK,3,28,260828028,23,3
POST_HOC_EXPLORATORY_K_ROBUSTNESS_OF_COMPETITION_PEAK,3,28,260828028,24,18
POST_HOC_EXPLORATORY_K_ROBUSTNESS_OF_COMPETITION_PEAK,3,28,260828028,25,2
POST_HOC_EXPLORATORY_K_ROBUSTNESS_OF_COMPETITION_PEAK,3,28,260828028,26,2
POST_HOC_EXPLORATORY_K_ROBUSTNESS_OF_COMPETITION_PEAK,3,28,260828028,27,3
POST_HOC_EXPLORATORY_K_ROBUSTNESS_OF_COMPETITION_PEAK,3,28,260828028,28,5
POST_HOC_EXPLORATORY_K_ROBUSTNESS_OF_COMPETITION_PEAK,3,28,260828028,30,4
POST_HOC_EXPLORATORY_K_ROBUSTNESS_OF_COMPETITION_PEAK,3,28,260828028,32,4
POST_HOC_EXPLORATORY_K_ROBUSTNESS_OF_COMPETITION_PEAK,3,28,260828028,34,1
POST_HOC_EXPLORATORY_K_ROBUSTNESS_OF_COMPETITION_PEAK,3,28,260828028,36,2
POST_HOC_EXPLORATORY_K_ROBUSTNESS_OF_COMPETITION_PEAK,3,28,260828028,38,1
POST_HOC_EXPLORATORY_K_ROBUSTNESS_OF_COMPETITION_PEAK,3,28,260828028,39,1
POST_HOC_EXPLORATORY_K_ROBUSTNESS_OF_COMPETITION_PEAK,3,30,260828030,0,174
POST_HOC_EXPLORATORY_K_ROBUSTNESS_OF_COMPETITION_PEAK,3,30,260828030,1,50490
POST_HOC_EXPLORATORY_K_ROBUSTNESS_OF_COMPETITION_PEAK,3,30,260828030,2,28701
POST_HOC_EXPLORATORY_K_ROBUSTNESS_OF_COMPETITION_PEAK,3,30,260828030,3,7167
POST_HOC_EXPLORATORY_K_ROBUSTNESS_OF_COMPETITION_PEAK,3,30,260828030,4,6918
POST_HOC_EXPLORATORY_K_ROBUSTNESS_OF_COMPETITION_PEAK,3,30,260828030,5,1451
POST_HOC_EXPLORATORY_K_ROBUSTNESS_OF_COMPETITION_PEAK,3,30,260828030,6,2306
POST_HOC_EXPLORATORY_K_ROBUSTNESS_OF_COMPETITION_PEAK,3,30,260828030,7,442
POST_HOC_EXPLORATORY_K_ROBUSTNESS_OF_COMPETITION_PEAK,3,30,260828030,8,990
POST_HOC_EXPLORATORY_K_ROBUSTNESS_OF_COMPETITION_PEAK,3,30,260828030,9,312
POST_HOC_EXPLORATORY_K_ROBUSTNESS_OF_COMPETITION_PEAK,3,30,260828030,10,296
POST_HOC_EXPLORATORY_K_ROBUSTNESS_OF_COMPETITION_PEAK,3,30,260828030,11,92
POST_HOC_EXPLORATORY_K_ROBUSTNESS_OF_COMPETITION_PEAK,3,30,260828030,12,275
POST_HOC_EXPLORATORY_K_ROBUSTNESS_OF_COMPETITION_PEAK,3,30,260828030,13,50
POST_HOC_EXPLORATORY_K_ROBUSTNESS_OF_COMPETITION_PEAK,3,30,260828030,14,90
POST_HOC_EXPLORATORY_K_ROBUSTNESS_OF_COMPETITION_PEAK,3,30,260828030,15,42
POST_HOC_EXPLORATORY_K_ROBUSTNESS_OF_COMPETITION_PEAK,3,30,260828030,16,56
POST_HOC_EXPLORATORY_K_ROBUSTNESS_OF_COMPETITION_PEAK,3,30,260828030,17,9
POST_HOC_EXPLORATORY_K_ROBUSTNESS_OF_COMPETITION_PEAK,3,30,260828030,18,34
POST_HOC_EXPLORATORY_K_ROBUSTNESS_OF_COMPETITION_PEAK,3,30,260828030,19,9
POST_HOC_EXPLORATORY_K_ROBUSTNESS_OF_COMPETITION_PEAK,3,30,260828030,20,28
POST_HOC_EXPLORATORY_K_ROBUSTNESS_OF_COMPETITION_PEAK,3,30,260828030,21,10
POST_HOC_EXPLORATORY_K_ROBUSTNESS_OF_COMPETITION_PEAK,3,30,260828030,22,8
POST_HOC_EXPLORATORY_K_ROBUSTNESS_OF_COMPETITION_PEAK,3,30,260828030,23,2
POST_HOC_EXPLORATORY_K_ROBUSTNESS_OF_COMPETITION_PEAK,3,30,260828030,24,13
POST_HOC_EXPLORATORY_K_ROBUSTNESS_OF_COMPETITION_PEAK,3,30,260828030,25,4
POST_HOC_EXPLORATORY_K_ROBUSTNESS_OF_COMPETITION_PEAK,3,30,260828030,26,6
POST_HOC_EXPLORATORY_K_ROBUSTNESS_OF_COMPETITION_PEAK,3,30,260828030,27,2
POST_HOC_EXPLORATORY_K_ROBUSTNESS_OF_COMPETITION_PEAK,3,30,260828030,28,5
POST_HOC_EXPLORATORY_K_ROBUSTNESS_OF_COMPETITION_PEAK,3,30,260828030,29,1
POST_HOC_EXPLORATORY_K_ROBUSTNESS_OF_COMPETITION_PEAK,3,30,260828030,30,1
POST_HOC_EXPLORATORY_K_ROBUSTNESS_OF_COMPETITION_PEAK,3,30,260828030,32,4
POST_HOC_EXPLORATORY_K_ROBUSTNESS_OF_COMPETITION_PEAK,3,30,260828030,33,2
POST_HOC_EXPLORATORY_K_ROBUSTNESS_OF_COMPETITION_PEAK,3,30,260828030,34,2
POST_HOC_EXPLORATORY_K_ROBUSTNESS_OF_COMPETITION_PEAK,3,30,260828030,35,1
POST_HOC_EXPLORATORY_K_ROBUSTNESS_OF_COMPETITION_PEAK,3,30,260828030,36,5
POST_HOC_EXPLORATORY_K_ROBUSTNESS_OF_COMPETITION_PEAK,3,30,260828030,40,1
POST_HOC_EXPLORATORY_K_ROBUSTNESS_OF_COMPETITION_PEAK,3,30,260828030,61,1
POST_HOC_EXPLORATORY_K_ROBUSTNESS_OF_COMPETITION_PEAK,3,32,260828032,0,66
POST_HOC_EXPLORATORY_K_ROBUSTNESS_OF_COMPETITION_PEAK,3,32,260828032,1,51525
POST_HOC_EXPLORATORY_K_ROBUSTNESS_OF_COMPETITION_PEAK,3,32,260828032,2,28516
POST_HOC_EXPLORATORY_K_ROBUSTNESS_OF_COMPETITION_PEAK,3,32,260828032,3,6958
POST_HOC_EXPLORATORY_K_ROBUSTNESS_OF_COMPETITION_PEAK,3,32,260828032,4,6896
POST_HOC_EXPLORATORY_K_ROBUSTNESS_OF_COMPETITION_PEAK,3,32,260828032,5,1295
POST_HOC_EXPLORATORY_K_ROBUSTNESS_OF_COMPETITION_PEAK,3,32,260828032,6,2196
POST_HOC_EXPLORATORY_K_ROBUSTNESS_OF_COMPETITION_PEAK,3,32,260828032,7,456
POST_HOC_EXPLORATORY_K_ROBUSTNESS_OF_COMPETITION_PEAK,3,32,260828032,8,850
POST_HOC_EXPLORATORY_K_ROBUSTNESS_OF_COMPETITION_PEAK,3,32,260828032,9,248
POST_HOC_EXPLORATORY_K_ROBUSTNESS_OF_COMPETITION_PEAK,3,32,260828032,10,308
POST_HOC_EXPLORATORY_K_ROBUSTNESS_OF_COMPETITION_PEAK,3,32,260828032,11,81
POST_HOC_EXPLORATORY_K_ROBUSTNESS_OF_COMPETITION_PEAK,3,32,260828032,12,263
POST_HOC_EXPLORATORY_K_ROBUSTNESS_OF_COMPETITION_PEAK,3,32,260828032,13,36
POST_HOC_EXPLORATORY_K_ROBUSTNESS_OF_COMPETITION_PEAK,3,32,260828032,14,73
POST_HOC_EXPLORATORY_K_ROBUSTNESS_OF_COMPETITION_PEAK,3,32,260828032,15,34
POST_HOC_EXPLORATORY_K_ROBUSTNESS_OF_COMPETITION_PEAK,3,32,260828032,16,66
POST_HOC_EXPLORATORY_K_ROBUSTNESS_OF_COMPETITION_PEAK,3,32,260828032,17,13
POST_HOC_EXPLORATORY_K_ROBUSTNESS_OF_COMPETITION_PEAK,3,32,260828032,18,38
POST_HOC_EXPLORATORY_K_ROBUSTNESS_OF_COMPETITION_PEAK,3,32,260828032,19,7
POST_HOC_EXPLORATORY_K_ROBUSTNESS_OF_COMPETITION_PEAK,3,32,260828032,20,19
POST_HOC_EXPLORATORY_K_ROBUSTNESS_OF_COMPETITION_PEAK,3,32,260828032,21,12
POST_HOC_EXPLORATORY_K_ROBUSTNESS_OF_COMPETITION_PEAK,3,32,260828032,22,12
POST_HOC_EXPLORATORY_K_ROBUSTNESS_OF_COMPETITION_PEAK,3,32,260828032,23,2
POST_HOC_EXPLORATORY_K_ROBUSTNESS_OF_COMPETITION_PEAK,3,32,260828032,24,7
POST_HOC_EXPLORATORY_K_ROBUSTNESS_OF_COMPETITION_PEAK,3,32,260828032,25,2
POST_HOC_EXPLORATORY_K_ROBUSTNESS_OF_COMPETITION_PEAK,3,32,260828032,26,4
POST_HOC_EXPLORATORY_K_ROBUSTNESS_OF_COMPETITION_PEAK,3,32,260828032,27,3
POST_HOC_EXPLORATORY_K_ROBUSTNESS_OF_COMPETITION_PEAK,3,32,260828032,28,1
POST_HOC_EXPLORATORY_K_ROBUSTNESS_OF_COMPETITION_PEAK,3,32,260828032,29,2
POST_HOC_EXPLORATORY_K_ROBUSTNESS_OF_COMPETITION_PEAK,3,32,260828032,30,2
POST_HOC_EXPLORATORY_K_ROBUSTNESS_OF_COMPETITION_PEAK,3,32,260828032,32,3
POST_HOC_EXPLORATORY_K_ROBUSTNESS_OF_COMPETITION_PEAK,3,32,260828032,34,3
POST_HOC_EXPLORATORY_K_ROBUSTNESS_OF_COMPETITION_PEAK,3,32,260828032,36,2
POST_HOC_EXPLORATORY_K_ROBUSTNESS_OF_COMPETITION_PEAK,3,32,260828032,40,1
POST_HOC_EXPLORATORY_K_ROBUSTNESS_OF_COMPETITION_PEAK,3,34,260828034,0,12
POST_HOC_EXPLORATORY_K_ROBUSTNESS_OF_COMPETITION_PEAK,3,34,260828034,1,52575
POST_HOC_EXPLORATORY_K_ROBUSTNESS_OF_COMPETITION_PEAK,3,34,260828034,2,28412
POST_HOC_EXPLORATORY_K_ROBUSTNESS_OF_COMPETITION_PEAK,3,34,260828034,3,6902
POST_HOC_EXPLORATORY_K_ROBUSTNESS_OF_COMPETITION_PEAK,3,34,260828034,4,6570
POST_HOC_EXPLORATORY_K_ROBUSTNESS_OF_COMPETITION_PEAK,3,34,260828034,5,1229
POST_HOC_EXPLORATORY_K_ROBUSTNESS_OF_COMPETITION_PEAK,3,34,260828034,6,2032
POST_HOC_EXPLORATORY_K_ROBUSTNESS_OF_COMPETITION_PEAK,3,34,260828034,7,372
POST_HOC_EXPLORATORY_K_ROBUSTNESS_OF_COMPETITION_PEAK,3,34,260828034,8,804
POST_HOC_EXPLORATORY_K_ROBUSTNESS_OF_COMPETITION_PEAK,3,34,260828034,9,242
POST_HOC_EXPLORATORY_K_ROBUSTNESS_OF_COMPETITION_PEAK,3,34,260828034,10,257
POST_HOC_EXPLORATORY_K_ROBUSTNESS_OF_COMPETITION_PEAK,3,34,260828034,11,73
POST_HOC_EXPLORATORY_K_ROBUSTNESS_OF_COMPETITION_PEAK,3,34,260828034,12,219
POST_HOC_EXPLORATORY_K_ROBUSTNESS_OF_COMPETITION_PEAK,3,34,260828034,13,26
POST_HOC_EXPLORATORY_K_ROBUSTNESS_OF_COMPETITION_PEAK,3,34,260828034,14,67
POST_HOC_EXPLORATORY_K_ROBUSTNESS_OF_COMPETITION_PEAK,3,34,260828034,15,38
POST_HOC_EXPLORATORY_K_ROBUSTNESS_OF_COMPETITION_PEAK,3,34,260828034,16,57
POST_HOC_EXPLORATORY_K_ROBUSTNESS_OF_COMPETITION_PEAK,3,34,260828034,17,9
POST_HOC_EXPLORATORY_K_ROBUSTNESS_OF_COMPETITION_PEAK,3,34,260828034,18,28
POST_HOC_EXPLORATORY_K_ROBUSTNESS_OF_COMPETITION_PEAK,3,34,260828034,19,6
POST_HOC_EXPLORATORY_K_ROBUSTNESS_OF_COMPETITION_PEAK,3,34,260828034,20,23
POST_HOC_EXPLORATORY_K_ROBUSTNESS_OF_COMPETITION_PEAK,3,34,260828034,21,9
POST_HOC_EXPLORATORY_K_ROBUSTNESS_OF_COMPETITION_PEAK,3,34,260828034,22,8
POST_HOC_EXPLORATORY_K_ROBUSTNESS_OF_COMPETITION_PEAK,3,34,260828034,23,1
POST_HOC_EXPLORATORY_K_ROBUSTNESS_OF_COMPETITION_PEAK,3,34,260828034,24,9
POST_HOC_EXPLORATORY_K_ROBUSTNESS_OF_COMPETITION_PEAK,3,34,260828034,26,4
POST_HOC_EXPLORATORY_K_ROBUSTNESS_OF_COMPETITION_PEAK,3,34,260828034,27,6
POST_HOC_EXPLORATORY_K_ROBUSTNESS_OF_COMPETITION_PEAK,3,34,260828034,28,3
POST_HOC_EXPLORATORY_K_ROBUSTNESS_OF_COMPETITION_PEAK,3,34,260828034,29,1
POST_HOC_EXPLORATORY_K_ROBUSTNESS_OF_COMPETITION_PEAK,3,34,260828034,30,3
POST_HOC_EXPLORATORY_K_ROBUSTNESS_OF_COMPETITION_PEAK,3,34,260828034,32,2
POST_HOC_EXPLORATORY_K_ROBUSTNESS_OF_COMPETITION_PEAK,3,34,260828034,36,1
POST_HOC_EXPLORATORY_K_ROBUSTNESS_OF_COMPETITION_PEAK,3,36,260828036,0,3
POST_HOC_EXPLORATORY_K_ROBUSTNESS_OF_COMPETITION_PEAK,3,36,260828036,1,53305
POST_HOC_EXPLORATORY_K_ROBUSTNESS_OF_COMPETITION_PEAK,3,36,260828036,2,28449
POST_HOC_EXPLORATORY_K_ROBUSTNESS_OF_COMPETITION_PEAK,3,36,260828036,3,6724
POST_HOC_EXPLORATORY_K_ROBUSTNESS_OF_COMPETITION_PEAK,3,36,260828036,4,6261
POST_HOC_EXPLORATORY_K_ROBUSTNESS_OF_COMPETITION_PEAK,3,36,260828036,5,1226
POST_HOC_EXPLORATORY_K_ROBUSTNESS_OF_COMPETITION_PEAK,3,36,260828036,6,2000
POST_HOC_EXPLORATORY_K_ROBUSTNESS_OF_COMPETITION_PEAK,3,36,260828036,7,361
POST_HOC_EXPLORATORY_K_ROBUSTNESS_OF_COMPETITION_PEAK,3,36,260828036,8,691
POST_HOC_EXPLORATORY_K_ROBUSTNESS_OF_COMPETITION_PEAK,3,36,260828036,9,230
POST_HOC_EXPLORATORY_K_ROBUSTNESS_OF_COMPETITION_PEAK,3,36,260828036,10,229
POST_HOC_EXPLORATORY_K_ROBUSTNESS_OF_COMPETITION_PEAK,3,36,260828036,11,60
POST_HOC_EXPLORATORY_K_ROBUSTNESS_OF_COMPETITION_PEAK,3,36,260828036,12,205
POST_HOC_EXPLORATORY_K_ROBUSTNESS_OF_COMPETITION_PEAK,3,36,260828036,13,26
POST_HOC_EXPLORATORY_K_ROBUSTNESS_OF_COMPETITION_PEAK,3,36,260828036,14,56
POST_HOC_EXPLORATORY_K_ROBUSTNESS_OF_COMPETITION_PEAK,3,36,260828036,15,25
POST_HOC_EXPLORATORY_K_ROBUSTNESS_OF_COMPETITION_PEAK,3,36,260828036,16,45
POST_HOC_EXPLORATORY_K_ROBUSTNESS_OF_COMPETITION_PEAK,3,36,260828036,17,9
POST_HOC_EXPLORATORY_K_ROBUSTNESS_OF_COMPETITION_PEAK,3,36,260828036,18,36
POST_HOC_EXPLORATORY_K_ROBUSTNESS_OF_COMPETITION_PEAK,3,36,260828036,19,3
POST_HOC_EXPLORATORY_K_ROBUSTNESS_OF_COMPETITION_PEAK,3,36,260828036,20,13
POST_HOC_EXPLORATORY_K_ROBUSTNESS_OF_COMPETITION_PEAK,3,36,260828036,21,7
POST_HOC_EXPLORATORY_K_ROBUSTNESS_OF_COMPETITION_PEAK,3,36,260828036,22,6
POST_HOC_EXPLORATORY_K_ROBUSTNESS_OF_COMPETITION_PEAK,3,36,260828036,23,2
POST_HOC_EXPLORATORY_K_ROBUSTNESS_OF_COMPETITION_PEAK,3,36,260828036,24,7
POST_HOC_EXPLORATORY_K_ROBUSTNESS_OF_COMPETITION_PEAK,3,36,260828036,25,4
POST_HOC_EXPLORATORY_K_ROBUSTNESS_OF_COMPETITION_PEAK,3,36,260828036,26,3
POST_HOC_EXPLORATORY_K_ROBUSTNESS_OF_COMPETITION_PEAK,3,36,260828036,27,2
POST_HOC_EXPLORATORY_K_ROBUSTNESS_OF_COMPETITION_PEAK,3,36,260828036,28,4
POST_HOC_EXPLORATORY_K_ROBUSTNESS_OF_COMPETITION_PEAK,3,36,260828036,30,4
POST_HOC_EXPLORATORY_K_ROBUSTNESS_OF_COMPETITION_PEAK,3,36,260828036,32,1
POST_HOC_EXPLORATORY_K_ROBUSTNESS_OF_COMPETITION_PEAK,3,36,260828036,34,1
POST_HOC_EXPLORATORY_K_ROBUSTNESS_OF_COMPETITION_PEAK,3,36,260828036,36,1
POST_HOC_EXPLORATORY_K_ROBUSTNESS_OF_COMPETITION_PEAK,3,36,260828036,39,1
POST_HOC_EXPLORATORY_K_ROBUSTNESS_OF_COMPETITION_PEAK,3,38,260828038,0,1
POST_HOC_EXPLORATORY_K_ROBUSTNESS_OF_COMPETITION_PEAK,3,38,260828038,1,54106
POST_HOC_EXPLORATORY_K_ROBUSTNESS_OF_COMPETITION_PEAK,3,38,260828038,2,28253
POST_HOC_EXPLORATORY_K_ROBUSTNESS_OF_COMPETITION_PEAK,3,38,260828038,3,6520
POST_HOC_EXPLORATORY_K_ROBUSTNESS_OF_COMPETITION_PEAK,3,38,260828038,4,6304
POST_HOC_EXPLORATORY_K_ROBUSTNESS_OF_COMPETITION_PEAK,3,38,260828038,5,1096
POST_HOC_EXPLORATORY_K_ROBUSTNESS_OF_COMPETITION_PEAK,3,38,260828038,6,1878
POST_HOC_EXPLORATORY_K_ROBUSTNESS_OF_COMPETITION_PEAK,3,38,260828038,7,315
POST_HOC_EXPLORATORY_K_ROBUSTNESS_OF_COMPETITION_PEAK,3,38,260828038,8,709
POST_HOC_EXPLORATORY_K_ROBUSTNESS_OF_COMPETITION_PEAK,3,38,260828038,9,201
POST_HOC_EXPLORATORY_K_ROBUSTNESS_OF_COMPETITION_PEAK,3,38,260828038,10,178
POST_HOC_EXPLORATORY_K_ROBUSTNESS_OF_COMPETITION_PEAK,3,38,260828038,11,54
POST_HOC_EXPLORATORY_K_ROBUSTNESS_OF_COMPETITION_PEAK,3,38,260828038,12,179
POST_HOC_EXPLORATORY_K_ROBUSTNESS_OF_COMPETITION_PEAK,3,38,260828038,13,28
POST_HOC_EXPLORATORY_K_ROBUSTNESS_OF_COMPETITION_PEAK,3,38,260828038,14,39
POST_HOC_EXPLORATORY_K_ROBUSTNESS_OF_COMPETITION_PEAK,3,38,260828038,15,14
POST_HOC_EXPLORATORY_K_ROBUSTNESS_OF_COMPETITION_PEAK,3,38,260828038,16,43
POST_HOC_EXPLORATORY_K_ROBUSTNESS_OF_COMPETITION_PEAK,3,38,260828038,17,10
POST_HOC_EXPLORATORY_K_ROBUSTNESS_OF_COMPETITION_PEAK,3,38,260828038,18,24
POST_HOC_EXPLORATORY_K_ROBUSTNESS_OF_COMPETITION_PEAK,3,38,260828038,19,5
POST_HOC_EXPLORATORY_K_ROBUSTNESS_OF_COMPETITION_PEAK,3,38,260828038,20,11
POST_HOC_EXPLORATORY_K_ROBUSTNESS_OF_COMPETITION_PEAK,3,38,260828038,21,4
POST_HOC_EXPLORATORY_K_ROBUSTNESS_OF_COMPETITION_PEAK,3,38,260828038,22,5
POST_HOC_EXPLORATORY_K_ROBUSTNESS_OF_COMPETITION_PEAK,3,38,260828038,23,1
POST_HOC_EXPLORATORY_K_ROBUSTNESS_OF_COMPETITION_PEAK,3,38,260828038,24,9
POST_HOC_EXPLORATORY_K_ROBUSTNESS_OF_COMPETITION_PEAK,3,38,260828038,25,1
POST_HOC_EXPLORATORY_K_ROBUSTNESS_OF_COMPETITION_PEAK,3,38,260828038,26,1
POST_HOC_EXPLORATORY_K_ROBUSTNESS_OF_COMPETITION_PEAK,3,38,260828038,27,1
POST_HOC_EXPLORATORY_K_ROBUSTNESS_OF_COMPETITION_PEAK,3,38,260828038,28,2
POST_HOC_EXPLORATORY_K_ROBUSTNESS_OF_COMPETITION_PEAK,3,38,260828038,30,1
POST_HOC_EXPLORATORY_K_ROBUSTNESS_OF_COMPETITION_PEAK,3,38,260828038,31,1
POST_HOC_EXPLORATORY_K_ROBUSTNESS_OF_COMPETITION_PEAK,3,38,260828038,32,1
POST_HOC_EXPLORATORY_K_ROBUSTNESS_OF_COMPETITION_PEAK,3,38,260828038,33,1
POST_HOC_EXPLORATORY_K_ROBUSTNESS_OF_COMPETITION_PEAK,3,38,260828038,36,1
POST_HOC_EXPLORATORY_K_ROBUSTNESS_OF_COMPETITION_PEAK,3,38,260828038,48,1
POST_HOC_EXPLORATORY_K_ROBUSTNESS_OF_COMPETITION_PEAK,3,38,260828038,51,2
POST_HOC_EXPLORATORY_K_ROBUSTNESS_OF_COMPETITION_PEAK,3,40,260828040,0,1
POST_HOC_EXPLORATORY_K_ROBUSTNESS_OF_COMPETITION_PEAK,3,40,260828040,1,55046
POST_HOC_EXPLORATORY_K_ROBUSTNESS_OF_COMPETITION_PEAK,3,40,260828040,2,28271
POST_HOC_EXPLORATORY_K_ROBUSTNESS_OF_COMPETITION_PEAK,3,40,260828040,3,6219
POST_HOC_EXPLORATORY_K_ROBUSTNESS_OF_COMPETITION_PEAK,3,40,260828040,4,6080
POST_HOC_EXPLORATORY_K_ROBUSTNESS_OF_COMPETITION_PEAK,3,40,260828040,5,991
POST_HOC_EXPLORATORY_K_ROBUSTNESS_OF_COMPETITION_PEAK,3,40,260828040,6,1707
POST_HOC_EXPLORATORY_K_ROBUSTNESS_OF_COMPETITION_PEAK,3,40,260828040,7,284
POST_HOC_EXPLORATORY_K_ROBUSTNESS_OF_COMPETITION_PEAK,3,40,260828040,8,652
POST_HOC_EXPLORATORY_K_ROBUSTNESS_OF_COMPETITION_PEAK,3,40,260828040,9,175
POST_HOC_EXPLORATORY_K_ROBUSTNESS_OF_COMPETITION_PEAK,3,40,260828040,10,168
POST_HOC_EXPLORATORY_K_ROBUSTNESS_OF_COMPETITION_PEAK,3,40,260828040,11,40
POST_HOC_EXPLORATORY_K_ROBUSTNESS_OF_COMPETITION_PEAK,3,40,260828040,12,179
POST_HOC_EXPLORATORY_K_ROBUSTNESS_OF_COMPETITION_PEAK,3,40,260828040,13,20
POST_HOC_EXPLORATORY_K_ROBUSTNESS_OF_COMPETITION_PEAK,3,40,260828040,14,37
POST_HOC_EXPLORATORY_K_ROBUSTNESS_OF_COMPETITION_PEAK,3,40,260828040,15,21
POST_HOC_EXPLORATORY_K_ROBUSTNESS_OF_COMPETITION_PEAK,3,40,260828040,16,39
POST_HOC_EXPLORATORY_K_ROBUSTNESS_OF_COMPETITION_PEAK,3,40,260828040,17,7
POST_HOC_EXPLORATORY_K_ROBUSTNESS_OF_COMPETITION_PEAK,3,40,260828040,18,29
POST_HOC_EXPLORATORY_K_ROBUSTNESS_OF_COMPETITION_PEAK,3,40,260828040,19,4
POST_HOC_EXPLORATORY_K_ROBUSTNESS_OF_COMPETITION_PEAK,3,40,260828040,20,10
POST_HOC_EXPLORATORY_K_ROBUSTNESS_OF_COMPETITION_PEAK,3,40,260828040,21,5
POST_HOC_EXPLORATORY_K_ROBUSTNESS_OF_COMPETITION_PEAK,3,40,260828040,22,2
POST_HOC_EXPLORATORY_K_ROBUSTNESS_OF_COMPETITION_PEAK,3,40,260828040,24,4
POST_HOC_EXPLORATORY_K_ROBUSTNESS_OF_COMPETITION_PEAK,3,40,260828040,25,1
POST_HOC_EXPLORATORY_K_ROBUSTNESS_OF_COMPETITION_PEAK,3,40,260828040,26,2
POST_HOC_EXPLORATORY_K_ROBUSTNESS_OF_COMPETITION_PEAK,3,40,260828040,27,4
POST_HOC_EXPLORATORY_K_ROBUSTNESS_OF_COMPETITION_PEAK,3,40,260828040,42,1
POST_HOC_EXPLORATORY_K_ROBUSTNESS_OF_COMPETITION_PEAK,3,40,260828040,47,1
POST_HOC_EXPLORATORY_K_ROBUSTNESS_OF_COMPETITION_PEAK,4,20,260828020,0,62208
POST_HOC_EXPLORATORY_K_ROBUSTNESS_OF_COMPETITION_PEAK,4,20,260828020,1,23273
POST_HOC_EXPLORATORY_K_ROBUSTNESS_OF_COMPETITION_PEAK,4,20,260828020,2,10576
POST_HOC_EXPLORATORY_K_ROBUSTNESS_OF_COMPETITION_PEAK,4,20,260828020,3,1793
POST_HOC_EXPLORATORY_K_ROBUSTNESS_OF_COMPETITION_PEAK,4,20,260828020,4,1566
POST_HOC_EXPLORATORY_K_ROBUSTNESS_OF_COMPETITION_PEAK,4,20,260828020,5,188
POST_HOC_EXPLORATORY_K_ROBUSTNESS_OF_COMPETITION_PEAK,4,20,260828020,6,284
POST_HOC_EXPLORATORY_K_ROBUSTNESS_OF_COMPETITION_PEAK,4,20,260828020,7,21
POST_HOC_EXPLORATORY_K_ROBUSTNESS_OF_COMPETITION_PEAK,4,20,260828020,8,67
POST_HOC_EXPLORATORY_K_ROBUSTNESS_OF_COMPETITION_PEAK,4,20,260828020,9,5
POST_HOC_EXPLORATORY_K_ROBUSTNESS_OF_COMPETITION_PEAK,4,20,260828020,10,12
POST_HOC_EXPLORATORY_K_ROBUSTNESS_OF_COMPETITION_PEAK,4,20,260828020,11,1
POST_HOC_EXPLORATORY_K_ROBUSTNESS_OF_COMPETITION_PEAK,4,20,260828020,12,2
POST_HOC_EXPLORATORY_K_ROBUSTNESS_OF_COMPETITION_PEAK,4,20,260828020,14,2
POST_HOC_EXPLORATORY_K_ROBUSTNESS_OF_COMPETITION_PEAK,4,20,260828020,16,1
POST_HOC_EXPLORATORY_K_ROBUSTNESS_OF_COMPETITION_PEAK,4,20,260828020,18,1
POST_HOC_EXPLORATORY_K_ROBUSTNESS_OF_COMPETITION_PEAK,4,22,260828022,0,47736
POST_HOC_EXPLORATORY_K_ROBUSTNESS_OF_COMPETITION_PEAK,4,22,260828022,1,30246
POST_HOC_EXPLORATORY_K_ROBUSTNESS_OF_COMPETITION_PEAK,4,22,260828022,2,15103
POST_HOC_EXPLORATORY_K_ROBUSTNESS_OF_COMPETITION_PEAK,4,22,260828022,3,3020
POST_HOC_EXPLORATORY_K_ROBUSTNESS_OF_COMPETITION_PEAK,4,22,260828022,4,2689
POST_HOC_EXPLORATORY_K_ROBUSTNESS_OF_COMPETITION_PEAK,4,22,260828022,5,347
POST_HOC_EXPLORATORY_K_ROBUSTNESS_OF_COMPETITION_PEAK,4,22,260828022,6,540
POST_HOC_EXPLORATORY_K_ROBUSTNESS_OF_COMPETITION_PEAK,4,22,260828022,7,60
POST_HOC_EXPLORATORY_K_ROBUSTNESS_OF_COMPETITION_PEAK,4,22,260828022,8,144
POST_HOC_EXPLORATORY_K_ROBUSTNESS_OF_COMPETITION_PEAK,4,22,260828022,9,36
POST_HOC_EXPLORATORY_K_ROBUSTNESS_OF_COMPETITION_PEAK,4,22,260828022,10,43
POST_HOC_EXPLORATORY_K_ROBUSTNESS_OF_COMPETITION_PEAK,4,22,260828022,11,4
POST_HOC_EXPLORATORY_K_ROBUSTNESS_OF_COMPETITION_PEAK,4,22,260828022,12,20
POST_HOC_EXPLORATORY_K_ROBUSTNESS_OF_COMPETITION_PEAK,4,22,260828022,13,2
POST_HOC_EXPLORATORY_K_ROBUSTNESS_OF_COMPETITION_PEAK,4,22,260828022,14,7
POST_HOC_EXPLORATORY_K_ROBUSTNESS_OF_COMPETITION_PEAK,4,22,260828022,15,2
POST_HOC_EXPLORATORY_K_ROBUSTNESS_OF_COMPETITION_PEAK,4,22,260828022,16,1
POST_HOC_EXPLORATORY_K_ROBUSTNESS_OF_COMPETITION_PEAK,4,24,260828024,0,33857
POST_HOC_EXPLORATORY_K_ROBUSTNESS_OF_COMPETITION_PEAK,4,24,260828024,1,36742
POST_HOC_EXPLORATORY_K_ROBUSTNESS_OF_COMPETITION_PEAK,4,24,260828024,2,19278
POST_HOC_EXPLORATORY_K_ROBUSTNESS_OF_COMPETITION_PEAK,4,24,260828024,3,4203
POST_HOC_EXPLORATORY_K_ROBUSTNESS_OF_COMPETITION_PEAK,4,24,260828024,4,3745
POST_HOC_EXPLORATORY_K_ROBUSTNESS_OF_COMPETITION_PEAK,4,24,260828024,5,597
POST_HOC_EXPLORATORY_K_ROBUSTNESS_OF_COMPETITION_PEAK,4,24,260828024,6,917
POST_HOC_EXPLORATORY_K_ROBUSTNESS_OF_COMPETITION_PEAK,4,24,260828024,7,114
POST_HOC_EXPLORATORY_K_ROBUSTNESS_OF_COMPETITION_PEAK,4,24,260828024,8,300
POST_HOC_EXPLORATORY_K_ROBUSTNESS_OF_COMPETITION_PEAK,4,24,260828024,9,61
POST_HOC_EXPLORATORY_K_ROBUSTNESS_OF_COMPETITION_PEAK,4,24,260828024,10,81
POST_HOC_EXPLORATORY_K_ROBUSTNESS_OF_COMPETITION_PEAK,4,24,260828024,11,4
POST_HOC_EXPLORATORY_K_ROBUSTNESS_OF_COMPETITION_PEAK,4,24,260828024,12,57
POST_HOC_EXPLORATORY_K_ROBUSTNESS_OF_COMPETITION_PEAK,4,24,260828024,13,3
POST_HOC_EXPLORATORY_K_ROBUSTNESS_OF_COMPETITION_PEAK,4,24,260828024,14,12
POST_HOC_EXPLORATORY_K_ROBUSTNESS_OF_COMPETITION_PEAK,4,24,260828024,15,6
POST_HOC_EXPLORATORY_K_ROBUSTNESS_OF_COMPETITION_PEAK,4,24,260828024,16,14
POST_HOC_EXPLORATORY_K_ROBUSTNESS_OF_COMPETITION_PEAK,4,24,260828024,18,7
POST_HOC_EXPLORATORY_K_ROBUSTNESS_OF_COMPETITION_PEAK,4,24,260828024,24,1
POST_HOC_EXPLORATORY_K_ROBUSTNESS_OF_COMPETITION_PEAK,4,24,260828024,30,1
POST_HOC_EXPLORATORY_K_ROBUSTNESS_OF_COMPETITION_PEAK,4,26,260828026,0,22080
POST_HOC_EXPLORATORY_K_ROBUSTNESS_OF_COMPETITION_PEAK,4,26,260828026,1,42067
POST_HOC_EXPLORATORY_K_ROBUSTNESS_OF_COMPETITION_PEAK,4,26,260828026,2,22700
POST_HOC_EXPLORATORY_K_ROBUSTNESS_OF_COMPETITION_PEAK,4,26,260828026,3,5267
POST_HOC_EXPLORATORY_K_ROBUSTNESS_OF_COMPETITION_PEAK,4,26,260828026,4,4792
POST_HOC_EXPLORATORY_K_ROBUSTNESS_OF_COMPETITION_PEAK,4,26,260828026,5,825
POST_HOC_EXPLORATORY_K_ROBUSTNESS_OF_COMPETITION_PEAK,4,26,260828026,6,1324
POST_HOC_EXPLORATORY_K_ROBUSTNESS_OF_COMPETITION_PEAK,4,26,260828026,7,188
POST_HOC_EXPLORATORY_K_ROBUSTNESS_OF_COMPETITION_PEAK,4,26,260828026,8,417
POST_HOC_EXPLORATORY_K_ROBUSTNESS_OF_COMPETITION_PEAK,4,26,260828026,9,77
POST_HOC_EXPLORATORY_K_ROBUSTNESS_OF_COMPETITION_PEAK,4,26,260828026,10,111
POST_HOC_EXPLORATORY_K_ROBUSTNESS_OF_COMPETITION_PEAK,4,26,260828026,11,14
POST_HOC_EXPLORATORY_K_ROBUSTNESS_OF_COMPETITION_PEAK,4,26,260828026,12,81
POST_HOC_EXPLORATORY_K_ROBUSTNESS_OF_COMPETITION_PEAK,4,26,260828026,13,7
POST_HOC_EXPLORATORY_K_ROBUSTNESS_OF_COMPETITION_PEAK,4,26,260828026,14,15
POST_HOC_EXPLORATORY_K_ROBUSTNESS_OF_COMPETITION_PEAK,4,26,260828026,15,4
POST_HOC_EXPLORATORY_K_ROBUSTNESS_OF_COMPETITION_PEAK,4,26,260828026,16,16
POST_HOC_EXPLORATORY_K_ROBUSTNESS_OF_COMPETITION_PEAK,4,26,260828026,17,1
POST_HOC_EXPLORATORY_K_ROBUSTNESS_OF_COMPETITION_PEAK,4,26,260828026,18,11
POST_HOC_EXPLORATORY_K_ROBUSTNESS_OF_COMPETITION_PEAK,4,26,260828026,20,1
POST_HOC_EXPLORATORY_K_ROBUSTNESS_OF_COMPETITION_PEAK,4,26,260828026,23,1
POST_HOC_EXPLORATORY_K_ROBUSTNESS_OF_COMPETITION_PEAK,4,26,260828026,24,1
POST_HOC_EXPLORATORY_K_ROBUSTNESS_OF_COMPETITION_PEAK,4,28,260828028,0,13630
POST_HOC_EXPLORATORY_K_ROBUSTNESS_OF_COMPETITION_PEAK,4,28,260828028,1,45683
POST_HOC_EXPLORATORY_K_ROBUSTNESS_OF_COMPETITION_PEAK,4,28,260828028,2,25075
POST_HOC_EXPLORATORY_K_ROBUSTNESS_OF_COMPETITION_PEAK,4,28,260828028,3,5923
POST_HOC_EXPLORATORY_K_ROBUSTNESS_OF_COMPETITION_PEAK,4,28,260828028,4,5604
POST_HOC_EXPLORATORY_K_ROBUSTNESS_OF_COMPETITION_PEAK,4,28,260828028,5,1013
POST_HOC_EXPLORATORY_K_ROBUSTNESS_OF_COMPETITION_PEAK,4,28,260828028,6,1662
POST_HOC_EXPLORATORY_K_ROBUSTNESS_OF_COMPETITION_PEAK,4,28,260828028,7,260
POST_HOC_EXPLORATORY_K_ROBUSTNESS_OF_COMPETITION_PEAK,4,28,260828028,8,615
POST_HOC_EXPLORATORY_K_ROBUSTNESS_OF_COMPETITION_PEAK,4,28,260828028,9,133
POST_HOC_EXPLORATORY_K_ROBUSTNESS_OF_COMPETITION_PEAK,4,28,260828028,10,147
POST_HOC_EXPLORATORY_K_ROBUSTNESS_OF_COMPETITION_PEAK,4,28,260828028,11,21
POST_HOC_EXPLORATORY_K_ROBUSTNESS_OF_COMPETITION_PEAK,4,28,260828028,12,122
POST_HOC_EXPLORATORY_K_ROBUSTNESS_OF_COMPETITION_PEAK,4,28,260828028,13,10
POST_HOC_EXPLORATORY_K_ROBUSTNESS_OF_COMPETITION_PEAK,4,28,260828028,14,27
POST_HOC_EXPLORATORY_K_ROBUSTNESS_OF_COMPETITION_PEAK,4,28,260828028,15,17
POST_HOC_EXPLORATORY_K_ROBUSTNESS_OF_COMPETITION_PEAK,4,28,260828028,16,28
POST_HOC_EXPLORATORY_K_ROBUSTNESS_OF_COMPETITION_PEAK,4,28,260828028,17,3
POST_HOC_EXPLORATORY_K_ROBUSTNESS_OF_COMPETITION_PEAK,4,28,260828028,18,9
POST_HOC_EXPLORATORY_K_ROBUSTNESS_OF_COMPETITION_PEAK,4,28,260828028,19,4
POST_HOC_EXPLORATORY_K_ROBUSTNESS_OF_COMPETITION_PEAK,4,28,260828028,20,5
POST_HOC_EXPLORATORY_K_ROBUSTNESS_OF_COMPETITION_PEAK,4,28,260828028,21,1
POST_HOC_EXPLORATORY_K_ROBUSTNESS_OF_COMPETITION_PEAK,4,28,260828028,22,3
POST_HOC_EXPLORATORY_K_ROBUSTNESS_OF_COMPETITION_PEAK,4,28,260828028,24,2
POST_HOC_EXPLORATORY_K_ROBUSTNESS_OF_COMPETITION_PEAK,4,28,260828028,27,1
POST_HOC_EXPLORATORY_K_ROBUSTNESS_OF_COMPETITION_PEAK,4,28,260828028,30,1
POST_HOC_EXPLORATORY_K_ROBUSTNESS_OF_COMPETITION_PEAK,4,28,260828028,32,1
POST_HOC_EXPLORATORY_K_ROBUSTNESS_OF_COMPETITION_PEAK,4,30,260828030,0,7893
POST_HOC_EXPLORATORY_K_ROBUSTNESS_OF_COMPETITION_PEAK,4,30,260828030,1,48468
POST_HOC_EXPLORATORY_K_ROBUSTNESS_OF_COMPETITION_PEAK,4,30,260828030,2,26717
POST_HOC_EXPLORATORY_K_ROBUSTNESS_OF_COMPETITION_PEAK,4,30,260828030,3,6364
POST_HOC_EXPLORATORY_K_ROBUSTNESS_OF_COMPETITION_PEAK,4,30,260828030,4,5930
POST_HOC_EXPLORATORY_K_ROBUSTNESS_OF_COMPETITION_PEAK,4,30,260828030,5,1137
POST_HOC_EXPLORATORY_K_ROBUSTNESS_OF_COMPETITION_PEAK,4,30,260828030,6,1796
POST_HOC_EXPLORATORY_K_ROBUSTNESS_OF_COMPETITION_PEAK,4,30,260828030,7,286
POST_HOC_EXPLORATORY_K_ROBUSTNESS_OF_COMPETITION_PEAK,4,30,260828030,8,671
POST_HOC_EXPLORATORY_K_ROBUSTNESS_OF_COMPETITION_PEAK,4,30,260828030,9,197
POST_HOC_EXPLORATORY_K_ROBUSTNESS_OF_COMPETITION_PEAK,4,30,260828030,10,170
POST_HOC_EXPLORATORY_K_ROBUSTNESS_OF_COMPETITION_PEAK,4,30,260828030,11,42
POST_HOC_EXPLORATORY_K_ROBUSTNESS_OF_COMPETITION_PEAK,4,30,260828030,12,172
POST_HOC_EXPLORATORY_K_ROBUSTNESS_OF_COMPETITION_PEAK,4,30,260828030,13,19
POST_HOC_EXPLORATORY_K_ROBUSTNESS_OF_COMPETITION_PEAK,4,30,260828030,14,38
POST_HOC_EXPLORATORY_K_ROBUSTNESS_OF_COMPETITION_PEAK,4,30,260828030,15,25
POST_HOC_EXPLORATORY_K_ROBUSTNESS_OF_COMPETITION_PEAK,4,30,260828030,16,23
POST_HOC_EXPLORATORY_K_ROBUSTNESS_OF_COMPETITION_PEAK,4,30,260828030,17,3
POST_HOC_EXPLORATORY_K_ROBUSTNESS_OF_COMPETITION_PEAK,4,30,260828030,18,14
POST_HOC_EXPLORATORY_K_ROBUSTNESS_OF_COMPETITION_PEAK,4,30,260828030,19,1
POST_HOC_EXPLORATORY_K_ROBUSTNESS_OF_COMPETITION_PEAK,4,30,260828030,20,16
POST_HOC_EXPLORATORY_K_ROBUSTNESS_OF_COMPETITION_PEAK,4,30,260828030,21,3
POST_HOC_EXPLORATORY_K_ROBUSTNESS_OF_COMPETITION_PEAK,4,30,260828030,22,1
POST_HOC_EXPLORATORY_K_ROBUSTNESS_OF_COMPETITION_PEAK,4,30,260828030,23,1
POST_HOC_EXPLORATORY_K_ROBUSTNESS_OF_COMPETITION_PEAK,4,30,260828030,24,5
POST_HOC_EXPLORATORY_K_ROBUSTNESS_OF_COMPETITION_PEAK,4,30,260828030,25,1
POST_HOC_EXPLORATORY_K_ROBUSTNESS_OF_COMPETITION_PEAK,4,30,260828030,28,2
POST_HOC_EXPLORATORY_K_ROBUSTNESS_OF_COMPETITION_PEAK,4,30,260828030,30,1
POST_HOC_EXPLORATORY_K_ROBUSTNESS_OF_COMPETITION_PEAK,4,30,260828030,35,1
POST_HOC_EXPLORATORY_K_ROBUSTNESS_OF_COMPETITION_PEAK,4,30,260828030,36,3
POST_HOC_EXPLORATORY_K_ROBUSTNESS_OF_COMPETITION_PEAK,4,32,260828032,0,4234
POST_HOC_EXPLORATORY_K_ROBUSTNESS_OF_COMPETITION_PEAK,4,32,260828032,1,50537
POST_HOC_EXPLORATORY_K_ROBUSTNESS_OF_COMPETITION_PEAK,4,32,260828032,2,27443
POST_HOC_EXPLORATORY_K_ROBUSTNESS_OF_COMPETITION_PEAK,4,32,260828032,3,6477
POST_HOC_EXPLORATORY_K_ROBUSTNESS_OF_COMPETITION_PEAK,4,32,260828032,4,6353
POST_HOC_EXPLORATORY_K_ROBUSTNESS_OF_COMPETITION_PEAK,4,32,260828032,5,1093
POST_HOC_EXPLORATORY_K_ROBUSTNESS_OF_COMPETITION_PEAK,4,32,260828032,6,1927
POST_HOC_EXPLORATORY_K_ROBUSTNESS_OF_COMPETITION_PEAK,4,32,260828032,7,364
POST_HOC_EXPLORATORY_K_ROBUSTNESS_OF_COMPETITION_PEAK,4,32,260828032,8,705
POST_HOC_EXPLORATORY_K_ROBUSTNESS_OF_COMPETITION_PEAK,4,32,260828032,9,197
POST_HOC_EXPLORATORY_K_ROBUSTNESS_OF_COMPETITION_PEAK,4,32,260828032,10,228
POST_HOC_EXPLORATORY_K_ROBUSTNESS_OF_COMPETITION_PEAK,4,32,260828032,11,51
POST_HOC_EXPLORATORY_K_ROBUSTNESS_OF_COMPETITION_PEAK,4,32,260828032,12,205
POST_HOC_EXPLORATORY_K_ROBUSTNESS_OF_COMPETITION_PEAK,4,32,260828032,13,20
POST_HOC_EXPLORATORY_K_ROBUSTNESS_OF_COMPETITION_PEAK,4,32,260828032,14,43
POST_HOC_EXPLORATORY_K_ROBUSTNESS_OF_COMPETITION_PEAK,4,32,260828032,15,20
POST_HOC_EXPLORATORY_K_ROBUSTNESS_OF_COMPETITION_PEAK,4,32,260828032,16,42
POST_HOC_EXPLORATORY_K_ROBUSTNESS_OF_COMPETITION_PEAK,4,32,260828032,17,6
POST_HOC_EXPLORATORY_K_ROBUSTNESS_OF_COMPETITION_PEAK,4,32,260828032,18,24
POST_HOC_EXPLORATORY_K_ROBUSTNESS_OF_COMPETITION_PEAK,4,32,260828032,19,3
POST_HOC_EXPLORATORY_K_ROBUSTNESS_OF_COMPETITION_PEAK,4,32,260828032,20,7
POST_HOC_EXPLORATORY_K_ROBUSTNESS_OF_COMPETITION_PEAK,4,32,260828032,21,2
POST_HOC_EXPLORATORY_K_ROBUSTNESS_OF_COMPETITION_PEAK,4,32,260828032,22,6
POST_HOC_EXPLORATORY_K_ROBUSTNESS_OF_COMPETITION_PEAK,4,32,260828032,23,1
POST_HOC_EXPLORATORY_K_ROBUSTNESS_OF_COMPETITION_PEAK,4,32,260828032,24,2
POST_HOC_EXPLORATORY_K_ROBUSTNESS_OF_COMPETITION_PEAK,4,32,260828032,25,2
POST_HOC_EXPLORATORY_K_ROBUSTNESS_OF_COMPETITION_PEAK,4,32,260828032,27,2
POST_HOC_EXPLORATORY_K_ROBUSTNESS_OF_COMPETITION_PEAK,4,32,260828032,28,1
POST_HOC_EXPLORATORY_K_ROBUSTNESS_OF_COMPETITION_PEAK,4,32,260828032,29,1
POST_HOC_EXPLORATORY_K_ROBUSTNESS_OF_COMPETITION_PEAK,4,32,260828032,30,1
POST_HOC_EXPLORATORY_K_ROBUSTNESS_OF_COMPETITION_PEAK,4,32,260828032,34,1
POST_HOC_EXPLORATORY_K_ROBUSTNESS_OF_COMPETITION_PEAK,4,32,260828032,36,1
POST_HOC_EXPLORATORY_K_ROBUSTNESS_OF_COMPETITION_PEAK,4,32,260828032,40,1
POST_HOC_EXPLORATORY_K_ROBUSTNESS_OF_COMPETITION_PEAK,4,34,260828034,0,2036
POST_HOC_EXPLORATORY_K_ROBUSTNESS_OF_COMPETITION_PEAK,4,34,260828034,1,52094
POST_HOC_EXPLORATORY_K_ROBUSTNESS_OF_COMPETITION_PEAK,4,34,260828034,2,27948
POST_HOC_EXPLORATORY_K_ROBUSTNESS_OF_COMPETITION_PEAK,4,34,260828034,3,6677
POST_HOC_EXPLORATORY_K_ROBUSTNESS_OF_COMPETITION_PEAK,4,34,260828034,4,6308
POST_HOC_EXPLORATORY_K_ROBUSTNESS_OF_COMPETITION_PEAK,4,34,260828034,5,1131
POST_HOC_EXPLORATORY_K_ROBUSTNESS_OF_COMPETITION_PEAK,4,34,260828034,6,1900
POST_HOC_EXPLORATORY_K_ROBUSTNESS_OF_COMPETITION_PEAK,4,34,260828034,7,328
POST_HOC_EXPLORATORY_K_ROBUSTNESS_OF_COMPETITION_PEAK,4,34,260828034,8,726
POST_HOC_EXPLORATORY_K_ROBUSTNESS_OF_COMPETITION_PEAK,4,34,260828034,9,196
POST_HOC_EXPLORATORY_K_ROBUSTNESS_OF_COMPETITION_PEAK,4,34,260828034,10,219
POST_HOC_EXPLORATORY_K_ROBUSTNESS_OF_COMPETITION_PEAK,4,34,260828034,11,53
POST_HOC_EXPLORATORY_K_ROBUSTNESS_OF_COMPETITION_PEAK,4,34,260828034,12,181
POST_HOC_EXPLORATORY_K_ROBUSTNESS_OF_COMPETITION_PEAK,4,34,260828034,13,22
POST_HOC_EXPLORATORY_K_ROBUSTNESS_OF_COMPETITION_PEAK,4,34,260828034,14,43
POST_HOC_EXPLORATORY_K_ROBUSTNESS_OF_COMPETITION_PEAK,4,34,260828034,15,27
POST_HOC_EXPLORATORY_K_ROBUSTNESS_OF_COMPETITION_PEAK,4,34,260828034,16,46
POST_HOC_EXPLORATORY_K_ROBUSTNESS_OF_COMPETITION_PEAK,4,34,260828034,17,5
POST_HOC_EXPLORATORY_K_ROBUSTNESS_OF_COMPETITION_PEAK,4,34,260828034,18,18
POST_HOC_EXPLORATORY_K_ROBUSTNESS_OF_COMPETITION_PEAK,4,34,260828034,19,4
POST_HOC_EXPLORATORY_K_ROBUSTNESS_OF_COMPETITION_PEAK,4,34,260828034,20,11
POST_HOC_EXPLORATORY_K_ROBUSTNESS_OF_COMPETITION_PEAK,4,34,260828034,21,4
POST_HOC_EXPLORATORY_K_ROBUSTNESS_OF_COMPETITION_PEAK,4,34,260828034,22,6
POST_HOC_EXPLORATORY_K_ROBUSTNESS_OF_COMPETITION_PEAK,4,34,260828034,23,1
POST_HOC_EXPLORATORY_K_ROBUSTNESS_OF_COMPETITION_PEAK,4,34,260828034,24,7
POST_HOC_EXPLORATORY_K_ROBUSTNESS_OF_COMPETITION_PEAK,4,34,260828034,26,2
POST_HOC_EXPLORATORY_K_ROBUSTNESS_OF_COMPETITION_PEAK,4,34,260828034,27,4
POST_HOC_EXPLORATORY_K_ROBUSTNESS_OF_COMPETITION_PEAK,4,34,260828034,28,1
POST_HOC_EXPLORATORY_K_ROBUSTNESS_OF_COMPETITION_PEAK,4,34,260828034,29,1
POST_HOC_EXPLORATORY_K_ROBUSTNESS_OF_COMPETITION_PEAK,4,34,260828034,30,1
POST_HOC_EXPLORATORY_K_ROBUSTNESS_OF_COMPETITION_PEAK,4,36,260828036,0,963
POST_HOC_EXPLORATORY_K_ROBUSTNESS_OF_COMPETITION_PEAK,4,36,260828036,1,53095
POST_HOC_EXPLORATORY_K_ROBUSTNESS_OF_COMPETITION_PEAK,4,36,260828036,2,28220
POST_HOC_EXPLORATORY_K_ROBUSTNESS_OF_COMPETITION_PEAK,4,36,260828036,3,6611
POST_HOC_EXPLORATORY_K_ROBUSTNESS_OF_COMPETITION_PEAK,4,36,260828036,4,6167
POST_HOC_EXPLORATORY_K_ROBUSTNESS_OF_COMPETITION_PEAK,4,36,260828036,5,1166
POST_HOC_EXPLORATORY_K_ROBUSTNESS_OF_COMPETITION_PEAK,4,36,260828036,6,1915
POST_HOC_EXPLORATORY_K_ROBUSTNESS_OF_COMPETITION_PEAK,4,36,260828036,7,332
POST_HOC_EXPLORATORY_K_ROBUSTNESS_OF_COMPETITION_PEAK,4,36,260828036,8,662
POST_HOC_EXPLORATORY_K_ROBUSTNESS_OF_COMPETITION_PEAK,4,36,260828036,9,210
POST_HOC_EXPLORATORY_K_ROBUSTNESS_OF_COMPETITION_PEAK,4,36,260828036,10,218
POST_HOC_EXPLORATORY_K_ROBUSTNESS_OF_COMPETITION_PEAK,4,36,260828036,11,53
POST_HOC_EXPLORATORY_K_ROBUSTNESS_OF_COMPETITION_PEAK,4,36,260828036,12,189
POST_HOC_EXPLORATORY_K_ROBUSTNESS_OF_COMPETITION_PEAK,4,36,260828036,13,23
POST_HOC_EXPLORATORY_K_ROBUSTNESS_OF_COMPETITION_PEAK,4,36,260828036,14,47
POST_HOC_EXPLORATORY_K_ROBUSTNESS_OF_COMPETITION_PEAK,4,36,260828036,15,20
POST_HOC_EXPLORATORY_K_ROBUSTNESS_OF_COMPETITION_PEAK,4,36,260828036,16,32
POST_HOC_EXPLORATORY_K_ROBUSTNESS_OF_COMPETITION_PEAK,4,36,260828036,17,7
POST_HOC_EXPLORATORY_K_ROBUSTNESS_OF_COMPETITION_PEAK,4,36,260828036,18,30
POST_HOC_EXPLORATORY_K_ROBUSTNESS_OF_COMPETITION_PEAK,4,36,260828036,19,2
POST_HOC_EXPLORATORY_K_ROBUSTNESS_OF_COMPETITION_PEAK,4,36,260828036,20,12
POST_HOC_EXPLORATORY_K_ROBUSTNESS_OF_COMPETITION_PEAK,4,36,260828036,21,4
POST_HOC_EXPLORATORY_K_ROBUSTNESS_OF_COMPETITION_PEAK,4,36,260828036,22,3
POST_HOC_EXPLORATORY_K_ROBUSTNESS_OF_COMPETITION_PEAK,4,36,260828036,23,2
POST_HOC_EXPLORATORY_K_ROBUSTNESS_OF_COMPETITION_PEAK,4,36,260828036,24,6
POST_HOC_EXPLORATORY_K_ROBUSTNESS_OF_COMPETITION_PEAK,4,36,260828036,25,4
POST_HOC_EXPLORATORY_K_ROBUSTNESS_OF_COMPETITION_PEAK,4,36,260828036,26,2
POST_HOC_EXPLORATORY_K_ROBUSTNESS_OF_COMPETITION_PEAK,4,36,260828036,27,1
POST_HOC_EXPLORATORY_K_ROBUSTNESS_OF_COMPETITION_PEAK,4,36,260828036,28,2
POST_HOC_EXPLORATORY_K_ROBUSTNESS_OF_COMPETITION_PEAK,4,36,260828036,30,1
POST_HOC_EXPLORATORY_K_ROBUSTNESS_OF_COMPETITION_PEAK,4,36,260828036,36,1
POST_HOC_EXPLORATORY_K_ROBUSTNESS_OF_COMPETITION_PEAK,4,38,260828038,0,389
POST_HOC_EXPLORATORY_K_ROBUSTNESS_OF_COMPETITION_PEAK,4,38,260828038,1,54023
POST_HOC_EXPLORATORY_K_ROBUSTNESS_OF_COMPETITION_PEAK,4,38,260828038,2,28159
POST_HOC_EXPLORATORY_K_ROBUSTNESS_OF_COMPETITION_PEAK,4,38,260828038,3,6478
POST_HOC_EXPLORATORY_K_ROBUSTNESS_OF_COMPETITION_PEAK,4,38,260828038,4,6251
POST_HOC_EXPLORATORY_K_ROBUSTNESS_OF_COMPETITION_PEAK,4,38,260828038,5,1081
POST_HOC_EXPLORATORY_K_ROBUSTNESS_OF_COMPETITION_PEAK,4,38,260828038,6,1855
POST_HOC_EXPLORATORY_K_ROBUSTNESS_OF_COMPETITION_PEAK,4,38,260828038,7,304
POST_HOC_EXPLORATORY_K_ROBUSTNESS_OF_COMPETITION_PEAK,4,38,260828038,8,693
POST_HOC_EXPLORATORY_K_ROBUSTNESS_OF_COMPETITION_PEAK,4,38,260828038,9,196
POST_HOC_EXPLORATORY_K_ROBUSTNESS_OF_COMPETITION_PEAK,4,38,260828038,10,168
POST_HOC_EXPLORATORY_K_ROBUSTNESS_OF_COMPETITION_PEAK,4,38,260828038,11,52
POST_HOC_EXPLORATORY_K_ROBUSTNESS_OF_COMPETITION_PEAK,4,38,260828038,12,171
POST_HOC_EXPLORATORY_K_ROBUSTNESS_OF_COMPETITION_PEAK,4,38,260828038,13,26
POST_HOC_EXPLORATORY_K_ROBUSTNESS_OF_COMPETITION_PEAK,4,38,260828038,14,35
POST_HOC_EXPLORATORY_K_ROBUSTNESS_OF_COMPETITION_PEAK,4,38,260828038,15,14
POST_HOC_EXPLORATORY_K_ROBUSTNESS_OF_COMPETITION_PEAK,4,38,260828038,16,36
POST_HOC_EXPLORATORY_K_ROBUSTNESS_OF_COMPETITION_PEAK,4,38,260828038,17,8
POST_HOC_EXPLORATORY_K_ROBUSTNESS_OF_COMPETITION_PEAK,4,38,260828038,18,21
POST_HOC_EXPLORATORY_K_ROBUSTNESS_OF_COMPETITION_PEAK,4,38,260828038,19,5
POST_HOC_EXPLORATORY_K_ROBUSTNESS_OF_COMPETITION_PEAK,4,38,260828038,20,10
POST_HOC_EXPLORATORY_K_ROBUSTNESS_OF_COMPETITION_PEAK,4,38,260828038,21,3
POST_HOC_EXPLORATORY_K_ROBUSTNESS_OF_COMPETITION_PEAK,4,38,260828038,22,4
POST_HOC_EXPLORATORY_K_ROBUSTNESS_OF_COMPETITION_PEAK,4,38,260828038,23,1
POST_HOC_EXPLORATORY_K_ROBUSTNESS_OF_COMPETITION_PEAK,4,38,260828038,24,8
POST_HOC_EXPLORATORY_K_ROBUSTNESS_OF_COMPETITION_PEAK,4,38,260828038,25,1
POST_HOC_EXPLORATORY_K_ROBUSTNESS_OF_COMPETITION_PEAK,4,38,260828038,27,1
POST_HOC_EXPLORATORY_K_ROBUSTNESS_OF_COMPETITION_PEAK,4,38,260828038,28,2
POST_HOC_EXPLORATORY_K_ROBUSTNESS_OF_COMPETITION_PEAK,4,38,260828038,31,1
POST_HOC_EXPLORATORY_K_ROBUSTNESS_OF_COMPETITION_PEAK,4,38,260828038,32,1
POST_HOC_EXPLORATORY_K_ROBUSTNESS_OF_COMPETITION_PEAK,4,38,260828038,33,1
POST_HOC_EXPLORATORY_K_ROBUSTNESS_OF_COMPETITION_PEAK,4,38,260828038,51,2
POST_HOC_EXPLORATORY_K_ROBUSTNESS_OF_COMPETITION_PEAK,4,40,260828040,0,151
POST_HOC_EXPLORATORY_K_ROBUSTNESS_OF_COMPETITION_PEAK,4,40,260828040,1,55020
POST_HOC_EXPLORATORY_K_ROBUSTNESS_OF_COMPETITION_PEAK,4,40,260828040,2,28239
POST_HOC_EXPLORATORY_K_ROBUSTNESS_OF_COMPETITION_PEAK,4,40,260828040,3,6199
POST_HOC_EXPLORATORY_K_ROBUSTNESS_OF_COMPETITION_PEAK,4,40,260828040,4,6066
POST_HOC_EXPLORATORY_K_ROBUSTNESS_OF_COMPETITION_PEAK,4,40,260828040,5,983
POST_HOC_EXPLORATORY_K_ROBUSTNESS_OF_COMPETITION_PEAK,4,40,260828040,6,1696
POST_HOC_EXPLORATORY_K_ROBUSTNESS_OF_COMPETITION_PEAK,4,40,260828040,7,279
POST_HOC_EXPLORATORY_K_ROBUSTNESS_OF_COMPETITION_PEAK,4,40,260828040,8,643
POST_HOC_EXPLORATORY_K_ROBUSTNESS_OF_COMPETITION_PEAK,4,40,260828040,9,173
POST_HOC_EXPLORATORY_K_ROBUSTNESS_OF_COMPETITION_PEAK,4,40,260828040,10,163
POST_HOC_EXPLORATORY_K_ROBUSTNESS_OF_COMPETITION_PEAK,4,40,260828040,11,36
POST_HOC_EXPLORATORY_K_ROBUSTNESS_OF_COMPETITION_PEAK,4,40,260828040,12,176
POST_HOC_EXPLORATORY_K_ROBUSTNESS_OF_COMPETITION_PEAK,4,40,260828040,13,19
POST_HOC_EXPLORATORY_K_ROBUSTNESS_OF_COMPETITION_PEAK,4,40,260828040,14,37
POST_HOC_EXPLORATORY_K_ROBUSTNESS_OF_COMPETITION_PEAK,4,40,260828040,15,19
POST_HOC_EXPLORATORY_K_ROBUSTNESS_OF_COMPETITION_PEAK,4,40,260828040,16,36
POST_HOC_EXPLORATORY_K_ROBUSTNESS_OF_COMPETITION_PEAK,4,40,260828040,17,7
POST_HOC_EXPLORATORY_K_ROBUSTNESS_OF_COMPETITION_PEAK,4,40,260828040,18,27
POST_HOC_EXPLORATORY_K_ROBUSTNESS_OF_COMPETITION_PEAK,4,40,260828040,19,4
POST_HOC_EXPLORATORY_K_ROBUSTNESS_OF_COMPETITION_PEAK,4,40,260828040,20,10
POST_HOC_EXPLORATORY_K_ROBUSTNESS_OF_COMPETITION_PEAK,4,40,260828040,21,5
POST_HOC_EXPLORATORY_K_ROBUSTNESS_OF_COMPETITION_PEAK,4,40,260828040,22,2
POST_HOC_EXPLORATORY_K_ROBUSTNESS_OF_COMPETITION_PEAK,4,40,260828040,24,4
POST_HOC_EXPLORATORY_K_ROBUSTNESS_OF_COMPETITION_PEAK,4,40,260828040,25,1
POST_HOC_EXPLORATORY_K_ROBUSTNESS_OF_COMPETITION_PEAK,4,40,260828040,26,1
POST_HOC_EXPLORATORY_K_ROBUSTNESS_OF_COMPETITION_PEAK,4,40,260828040,27,4
POST_HOC_EXPLORATORY_K_ROBUSTNESS_OF_COMPETITION_PEAK,5,20,260828020,0,91452
POST_HOC_EXPLORATORY_K_ROBUSTNESS_OF_COMPETITION_PEAK,5,20,260828020,1,6407
POST_HOC_EXPLORATORY_K_ROBUSTNESS_OF_COMPETITION_PEAK,5,20,260828020,2,1806
POST_HOC_EXPLORATORY_K_ROBUSTNESS_OF_COMPETITION_PEAK,5,20,260828020,3,177
POST_HOC_EXPLORATORY_K_ROBUSTNESS_OF_COMPETITION_PEAK,5,20,260828020,4,134
POST_HOC_EXPLORATORY_K_ROBUSTNESS_OF_COMPETITION_PEAK,5,20,260828020,5,8
POST_HOC_EXPLORATORY_K_ROBUSTNESS_OF_COMPETITION_PEAK,5,20,260828020,6,12
POST_HOC_EXPLORATORY_K_ROBUSTNESS_OF_COMPETITION_PEAK,5,20,260828020,8,3
POST_HOC_EXPLORATORY_K_ROBUSTNESS_OF_COMPETITION_PEAK,5,20,260828020,9,1
POST_HOC_EXPLORATORY_K_ROBUSTNESS_OF_COMPETITION_PEAK,5,22,260828022,0,83905
POST_HOC_EXPLORATORY_K_ROBUSTNESS_OF_COMPETITION_PEAK,5,22,260828022,1,11378
POST_HOC_EXPLORATORY_K_ROBUSTNESS_OF_COMPETITION_PEAK,5,22,260828022,2,3750
POST_HOC_EXPLORATORY_K_ROBUSTNESS_OF_COMPETITION_PEAK,5,22,260828022,3,447
POST_HOC_EXPLORATORY_K_ROBUSTNESS_OF_COMPETITION_PEAK,5,22,260828022,4,404
POST_HOC_EXPLORATORY_K_ROBUSTNESS_OF_COMPETITION_PEAK,5,22,260828022,5,30
POST_HOC_EXPLORATORY_K_ROBUSTNESS_OF_COMPETITION_PEAK,5,22,260828022,6,65
POST_HOC_EXPLORATORY_K_ROBUSTNESS_OF_COMPETITION_PEAK,5,22,260828022,7,3
POST_HOC_EXPLORATORY_K_ROBUSTNESS_OF_COMPETITION_PEAK,5,22,260828022,8,11
POST_HOC_EXPLORATORY_K_ROBUSTNESS_OF_COMPETITION_PEAK,5,22,260828022,9,4
POST_HOC_EXPLORATORY_K_ROBUSTNESS_OF_COMPETITION_PEAK,5,22,260828022,10,2
POST_HOC_EXPLORATORY_K_ROBUSTNESS_OF_COMPETITION_PEAK,5,22,260828022,11,1
POST_HOC_EXPLORATORY_K_ROBUSTNESS_OF_COMPETITION_PEAK,5,24,260828024,0,74047
POST_HOC_EXPLORATORY_K_ROBUSTNESS_OF_COMPETITION_PEAK,5,24,260828024,1,17220
POST_HOC_EXPLORATORY_K_ROBUSTNESS_OF_COMPETITION_PEAK,5,24,260828024,2,6679
POST_HOC_EXPLORATORY_K_ROBUSTNESS_OF_COMPETITION_PEAK,5,24,260828024,3,989
POST_HOC_EXPLORATORY_K_ROBUSTNESS_OF_COMPETITION_PEAK,5,24,260828024,4,775
POST_HOC_EXPLORATORY_K_ROBUSTNESS_OF_COMPETITION_PEAK,5,24,260828024,5,94
POST_HOC_EXPLORATORY_K_ROBUSTNESS_OF_COMPETITION_PEAK,5,24,260828024,6,137
POST_HOC_EXPLORATORY_K_ROBUSTNESS_OF_COMPETITION_PEAK,5,24,260828024,7,11
POST_HOC_EXPLORATORY_K_ROBUSTNESS_OF_COMPETITION_PEAK,5,24,260828024,8,35
POST_HOC_EXPLORATORY_K_ROBUSTNESS_OF_COMPETITION_PEAK,5,24,260828024,9,8
POST_HOC_EXPLORATORY_K_ROBUSTNESS_OF_COMPETITION_PEAK,5,24,260828024,10,3
POST_HOC_EXPLORATORY_K_ROBUSTNESS_OF_COMPETITION_PEAK,5,24,260828024,12,2
POST_HOC_EXPLORATORY_K_ROBUSTNESS_OF_COMPETITION_PEAK,5,26,260828026,0,61584
POST_HOC_EXPLORATORY_K_ROBUSTNESS_OF_COMPETITION_PEAK,5,26,260828026,1,24479
POST_HOC_EXPLORATORY_K_ROBUSTNESS_OF_COMPETITION_PEAK,5,26,260828026,2,10147
POST_HOC_EXPLORATORY_K_ROBUSTNESS_OF_COMPETITION_PEAK,5,26,260828026,3,1767
POST_HOC_EXPLORATORY_K_ROBUSTNESS_OF_COMPETITION_PEAK,5,26,260828026,4,1439
POST_HOC_EXPLORATORY_K_ROBUSTNESS_OF_COMPETITION_PEAK,5,26,260828026,5,175
POST_HOC_EXPLORATORY_K_ROBUSTNESS_OF_COMPETITION_PEAK,5,26,260828026,6,264
POST_HOC_EXPLORATORY_K_ROBUSTNESS_OF_COMPETITION_PEAK,5,26,260828026,7,29
POST_HOC_EXPLORATORY_K_ROBUSTNESS_OF_COMPETITION_PEAK,5,26,260828026,8,77
POST_HOC_EXPLORATORY_K_ROBUSTNESS_OF_COMPETITION_PEAK,5,26,260828026,9,11
POST_HOC_EXPLORATORY_K_ROBUSTNESS_OF_COMPETITION_PEAK,5,26,260828026,10,13
POST_HOC_EXPLORATORY_K_ROBUSTNESS_OF_COMPETITION_PEAK,5,26,260828026,11,1
POST_HOC_EXPLORATORY_K_ROBUSTNESS_OF_COMPETITION_PEAK,5,26,260828026,12,5
POST_HOC_EXPLORATORY_K_ROBUSTNESS_OF_COMPETITION_PEAK,5,26,260828026,13,1
POST_HOC_EXPLORATORY_K_ROBUSTNESS_OF_COMPETITION_PEAK,5,26,260828026,14,4
POST_HOC_EXPLORATORY_K_ROBUSTNESS_OF_COMPETITION_PEAK,5,26,260828026,15,1
POST_HOC_EXPLORATORY_K_ROBUSTNESS_OF_COMPETITION_PEAK,5,26,260828026,16,2
POST_HOC_EXPLORATORY_K_ROBUSTNESS_OF_COMPETITION_PEAK,5,26,260828026,18,1
POST_HOC_EXPLORATORY_K_ROBUSTNESS_OF_COMPETITION_PEAK,5,28,260828028,0,49055
POST_HOC_EXPLORATORY_K_ROBUSTNESS_OF_COMPETITION_PEAK,5,28,260828028,1,31003
POST_HOC_EXPLORATORY_K_ROBUSTNESS_OF_COMPETITION_PEAK,5,28,260828028,2,14108
POST_HOC_EXPLORATORY_K_ROBUSTNESS_OF_COMPETITION_PEAK,5,28,260828028,3,2540
POST_HOC_EXPLORATORY_K_ROBUSTNESS_OF_COMPETITION_PEAK,5,28,260828028,4,2261
POST_HOC_EXPLORATORY_K_ROBUSTNESS_OF_COMPETITION_PEAK,5,28,260828028,5,247
POST_HOC_EXPLORATORY_K_ROBUSTNESS_OF_COMPETITION_PEAK,5,28,260828028,6,471
POST_HOC_EXPLORATORY_K_ROBUSTNESS_OF_COMPETITION_PEAK,5,28,260828028,7,50
POST_HOC_EXPLORATORY_K_ROBUSTNESS_OF_COMPETITION_PEAK,5,28,260828028,8,159
POST_HOC_EXPLORATORY_K_ROBUSTNESS_OF_COMPETITION_PEAK,5,28,260828028,9,25
POST_HOC_EXPLORATORY_K_ROBUSTNESS_OF_COMPETITION_PEAK,5,28,260828028,10,33
POST_HOC_EXPLORATORY_K_ROBUSTNESS_OF_COMPETITION_PEAK,5,28,260828028,11,4
POST_HOC_EXPLORATORY_K_ROBUSTNESS_OF_COMPETITION_PEAK,5,28,260828028,12,30
POST_HOC_EXPLORATORY_K_ROBUSTNESS_OF_COMPETITION_PEAK,5,28,260828028,14,1
POST_HOC_EXPLORATORY_K_ROBUSTNESS_OF_COMPETITION_PEAK,5,28,260828028,15,4
POST_HOC_EXPLORATORY_K_ROBUSTNESS_OF_COMPETITION_PEAK,5,28,260828028,16,4
POST_HOC_EXPLORATORY_K_ROBUSTNESS_OF_COMPETITION_PEAK,5,28,260828028,17,1
POST_HOC_EXPLORATORY_K_ROBUSTNESS_OF_COMPETITION_PEAK,5,28,260828028,18,1
POST_HOC_EXPLORATORY_K_ROBUSTNESS_OF_COMPETITION_PEAK,5,28,260828028,22,1
POST_HOC_EXPLORATORY_K_ROBUSTNESS_OF_COMPETITION_PEAK,5,28,260828028,24,2
POST_HOC_EXPLORATORY_K_ROBUSTNESS_OF_COMPETITION_PEAK,5,30,260828030,0,36823
POST_HOC_EXPLORATORY_K_ROBUSTNESS_OF_COMPETITION_PEAK,5,30,260828030,1,37352
POST_HOC_EXPLORATORY_K_ROBUSTNESS_OF_COMPETITION_PEAK,5,30,260828030,2,17803
POST_HOC_EXPLORATORY_K_ROBUSTNESS_OF_COMPETITION_PEAK,5,30,260828030,3,3393
POST_HOC_EXPLORATORY_K_ROBUSTNESS_OF_COMPETITION_PEAK,5,30,260828030,4,3030
POST_HOC_EXPLORATORY_K_ROBUSTNESS_OF_COMPETITION_PEAK,5,30,260828030,5,411
POST_HOC_EXPLORATORY_K_ROBUSTNESS_OF_COMPETITION_PEAK,5,30,260828030,6,721
POST_HOC_EXPLORATORY_K_ROBUSTNESS_OF_COMPETITION_PEAK,5,30,260828030,7,80
POST_HOC_EXPLORATORY_K_ROBUSTNESS_OF_COMPETITION_PEAK,5,30,260828030,8,224
POST_HOC_EXPLORATORY_K_ROBUSTNESS_OF_COMPETITION_PEAK,5,30,260828030,9,50
POST_HOC_EXPLORATORY_K_ROBUSTNESS_OF_COMPETITION_PEAK,5,30,260828030,10,40
POST_HOC_EXPLORATORY_K_ROBUSTNESS_OF_COMPETITION_PEAK,5,30,260828030,11,7
POST_HOC_EXPLORATORY_K_ROBUSTNESS_OF_COMPETITION_PEAK,5,30,260828030,12,44
POST_HOC_EXPLORATORY_K_ROBUSTNESS_OF_COMPETITION_PEAK,5,30,260828030,13,1
POST_HOC_EXPLORATORY_K_ROBUSTNESS_OF_COMPETITION_PEAK,5,30,260828030,14,10
POST_HOC_EXPLORATORY_K_ROBUSTNESS_OF_COMPETITION_PEAK,5,30,260828030,16,1
POST_HOC_EXPLORATORY_K_ROBUSTNESS_OF_COMPETITION_PEAK,5,30,260828030,17,1
POST_HOC_EXPLORATORY_K_ROBUSTNESS_OF_COMPETITION_PEAK,5,30,260828030,18,2
POST_HOC_EXPLORATORY_K_ROBUSTNESS_OF_COMPETITION_PEAK,5,30,260828030,19,1
POST_HOC_EXPLORATORY_K_ROBUSTNESS_OF_COMPETITION_PEAK,5,30,260828030,20,4
POST_HOC_EXPLORATORY_K_ROBUSTNESS_OF_COMPETITION_PEAK,5,30,260828030,21,1
POST_HOC_EXPLORATORY_K_ROBUSTNESS_OF_COMPETITION_PEAK,5,30,260828030,36,1
POST_HOC_EXPLORATORY_K_ROBUSTNESS_OF_COMPETITION_PEAK,5,32,260828032,0,26218
POST_HOC_EXPLORATORY_K_ROBUSTNESS_OF_COMPETITION_PEAK,5,32,260828032,1,42475
POST_HOC_EXPLORATORY_K_ROBUSTNESS_OF_COMPETITION_PEAK,5,32,260828032,2,20808
POST_HOC_EXPLORATORY_K_ROBUSTNESS_OF_COMPETITION_PEAK,5,32,260828032,3,4261
POST_HOC_EXPLORATORY_K_ROBUSTNESS_OF_COMPETITION_PEAK,5,32,260828032,4,3944
POST_HOC_EXPLORATORY_K_ROBUSTNESS_OF_COMPETITION_PEAK,5,32,260828032,5,550
POST_HOC_EXPLORATORY_K_ROBUSTNESS_OF_COMPETITION_PEAK,5,32,260828032,6,1039
POST_HOC_EXPLORATORY_K_ROBUSTNESS_OF_COMPETITION_PEAK,5,32,260828032,7,126
POST_HOC_EXPLORATORY_K_ROBUSTNESS_OF_COMPETITION_PEAK,5,32,260828032,8,308
POST_HOC_EXPLORATORY_K_ROBUSTNESS_OF_COMPETITION_PEAK,5,32,260828032,9,80
POST_HOC_EXPLORATORY_K_ROBUSTNESS_OF_COMPETITION_PEAK,5,32,260828032,10,70
POST_HOC_EXPLORATORY_K_ROBUSTNESS_OF_COMPETITION_PEAK,5,32,260828032,11,13
POST_HOC_EXPLORATORY_K_ROBUSTNESS_OF_COMPETITION_PEAK,5,32,260828032,12,70
POST_HOC_EXPLORATORY_K_ROBUSTNESS_OF_COMPETITION_PEAK,5,32,260828032,13,4
POST_HOC_EXPLORATORY_K_ROBUSTNESS_OF_COMPETITION_PEAK,5,32,260828032,14,10
POST_HOC_EXPLORATORY_K_ROBUSTNESS_OF_COMPETITION_PEAK,5,32,260828032,15,4
POST_HOC_EXPLORATORY_K_ROBUSTNESS_OF_COMPETITION_PEAK,5,32,260828032,16,12
POST_HOC_EXPLORATORY_K_ROBUSTNESS_OF_COMPETITION_PEAK,5,32,260828032,17,2
POST_HOC_EXPLORATORY_K_ROBUSTNESS_OF_COMPETITION_PEAK,5,32,260828032,18,5
POST_HOC_EXPLORATORY_K_ROBUSTNESS_OF_COMPETITION_PEAK,5,32,260828032,27,1
POST_HOC_EXPLORATORY_K_ROBUSTNESS_OF_COMPETITION_PEAK,5,34,260828034,0,17410
POST_HOC_EXPLORATORY_K_ROBUSTNESS_OF_COMPETITION_PEAK,5,34,260828034,1,46799
POST_HOC_EXPLORATORY_K_ROBUSTNESS_OF_COMPETITION_PEAK,5,34,260828034,2,23358
POST_HOC_EXPLORATORY_K_ROBUSTNESS_OF_COMPETITION_PEAK,5,34,260828034,3,5038
POST_HOC_EXPLORATORY_K_ROBUSTNESS_OF_COMPETITION_PEAK,5,34,260828034,4,4604
POST_HOC_EXPLORATORY_K_ROBUSTNESS_OF_COMPETITION_PEAK,5,34,260828034,5,665
POST_HOC_EXPLORATORY_K_ROBUSTNESS_OF_COMPETITION_PEAK,5,34,260828034,6,1193
POST_HOC_EXPLORATORY_K_ROBUSTNESS_OF_COMPETITION_PEAK,5,34,260828034,7,151
POST_HOC_EXPLORATORY_K_ROBUSTNESS_OF_COMPETITION_PEAK,5,34,260828034,8,405
POST_HOC_EXPLORATORY_K_ROBUSTNESS_OF_COMPETITION_PEAK,5,34,260828034,9,95
POST_HOC_EXPLORATORY_K_ROBUSTNESS_OF_COMPETITION_PEAK,5,34,260828034,10,101
POST_HOC_EXPLORATORY_K_ROBUSTNESS_OF_COMPETITION_PEAK,5,34,260828034,11,13
POST_HOC_EXPLORATORY_K_ROBUSTNESS_OF_COMPETITION_PEAK,5,34,260828034,12,85
POST_HOC_EXPLORATORY_K_ROBUSTNESS_OF_COMPETITION_PEAK,5,34,260828034,13,4
POST_HOC_EXPLORATORY_K_ROBUSTNESS_OF_COMPETITION_PEAK,5,34,260828034,14,23
POST_HOC_EXPLORATORY_K_ROBUSTNESS_OF_COMPETITION_PEAK,5,34,260828034,15,10
POST_HOC_EXPLORATORY_K_ROBUSTNESS_OF_COMPETITION_PEAK,5,34,260828034,16,20
POST_HOC_EXPLORATORY_K_ROBUSTNESS_OF_COMPETITION_PEAK,5,34,260828034,17,2
POST_HOC_EXPLORATORY_K_ROBUSTNESS_OF_COMPETITION_PEAK,5,34,260828034,18,8
POST_HOC_EXPLORATORY_K_ROBUSTNESS_OF_COMPETITION_PEAK,5,34,260828034,19,1
POST_HOC_EXPLORATORY_K_ROBUSTNESS_OF_COMPETITION_PEAK,5,34,260828034,20,4
POST_HOC_EXPLORATORY_K_ROBUSTNESS_OF_COMPETITION_PEAK,5,34,260828034,21,2
POST_HOC_EXPLORATORY_K_ROBUSTNESS_OF_COMPETITION_PEAK,5,34,260828034,22,2
POST_HOC_EXPLORATORY_K_ROBUSTNESS_OF_COMPETITION_PEAK,5,34,260828034,24,3
POST_HOC_EXPLORATORY_K_ROBUSTNESS_OF_COMPETITION_PEAK,5,34,260828034,26,1
POST_HOC_EXPLORATORY_K_ROBUSTNESS_OF_COMPETITION_PEAK,5,34,260828034,27,1
POST_HOC_EXPLORATORY_K_ROBUSTNESS_OF_COMPETITION_PEAK,5,34,260828034,28,1
POST_HOC_EXPLORATORY_K_ROBUSTNESS_OF_COMPETITION_PEAK,5,34,260828034,30,1
POST_HOC_EXPLORATORY_K_ROBUSTNESS_OF_COMPETITION_PEAK,5,36,260828036,0,11020
POST_HOC_EXPLORATORY_K_ROBUSTNESS_OF_COMPETITION_PEAK,5,36,260828036,1,49918
POST_HOC_EXPLORATORY_K_ROBUSTNESS_OF_COMPETITION_PEAK,5,36,260828036,2,25237
POST_HOC_EXPLORATORY_K_ROBUSTNESS_OF_COMPETITION_PEAK,5,36,260828036,3,5500
POST_HOC_EXPLORATORY_K_ROBUSTNESS_OF_COMPETITION_PEAK,5,36,260828036,4,4987
POST_HOC_EXPLORATORY_K_ROBUSTNESS_OF_COMPETITION_PEAK,5,36,260828036,5,830
POST_HOC_EXPLORATORY_K_ROBUSTNESS_OF_COMPETITION_PEAK,5,36,260828036,6,1414
POST_HOC_EXPLORATORY_K_ROBUSTNESS_OF_COMPETITION_PEAK,5,36,260828036,7,190
POST_HOC_EXPLORATORY_K_ROBUSTNESS_OF_COMPETITION_PEAK,5,36,260828036,8,450
POST_HOC_EXPLORATORY_K_ROBUSTNESS_OF_COMPETITION_PEAK,5,36,260828036,9,130
POST_HOC_EXPLORATORY_K_ROBUSTNESS_OF_COMPETITION_PEAK,5,36,260828036,10,113
POST_HOC_EXPLORATORY_K_ROBUSTNESS_OF_COMPETITION_PEAK,5,36,260828036,11,23
POST_HOC_EXPLORATORY_K_ROBUSTNESS_OF_COMPETITION_PEAK,5,36,260828036,12,98
POST_HOC_EXPLORATORY_K_ROBUSTNESS_OF_COMPETITION_PEAK,5,36,260828036,13,7
POST_HOC_EXPLORATORY_K_ROBUSTNESS_OF_COMPETITION_PEAK,5,36,260828036,14,26
POST_HOC_EXPLORATORY_K_ROBUSTNESS_OF_COMPETITION_PEAK,5,36,260828036,15,10
POST_HOC_EXPLORATORY_K_ROBUSTNESS_OF_COMPETITION_PEAK,5,36,260828036,16,17
POST_HOC_EXPLORATORY_K_ROBUSTNESS_OF_COMPETITION_PEAK,5,36,260828036,17,4
POST_HOC_EXPLORATORY_K_ROBUSTNESS_OF_COMPETITION_PEAK,5,36,260828036,18,16
POST_HOC_EXPLORATORY_K_ROBUSTNESS_OF_COMPETITION_PEAK,5,36,260828036,19,1
POST_HOC_EXPLORATORY_K_ROBUSTNESS_OF_COMPETITION_PEAK,5,36,260828036,21,2
POST_HOC_EXPLORATORY_K_ROBUSTNESS_OF_COMPETITION_PEAK,5,36,260828036,22,1
POST_HOC_EXPLORATORY_K_ROBUSTNESS_OF_COMPETITION_PEAK,5,36,260828036,24,1
POST_HOC_EXPLORATORY_K_ROBUSTNESS_OF_COMPETITION_PEAK,5,36,260828036,25,2
POST_HOC_EXPLORATORY_K_ROBUSTNESS_OF_COMPETITION_PEAK,5,36,260828036,26,1
POST_HOC_EXPLORATORY_K_ROBUSTNESS_OF_COMPETITION_PEAK,5,36,260828036,27,1
POST_HOC_EXPLORATORY_K_ROBUSTNESS_OF_COMPETITION_PEAK,5,36,260828036,28,1
POST_HOC_EXPLORATORY_K_ROBUSTNESS_OF_COMPETITION_PEAK,5,38,260828038,0,6604
POST_HOC_EXPLORATORY_K_ROBUSTNESS_OF_COMPETITION_PEAK,5,38,260828038,1,52124
POST_HOC_EXPLORATORY_K_ROBUSTNESS_OF_COMPETITION_PEAK,5,38,260828038,2,26395
POST_HOC_EXPLORATORY_K_ROBUSTNESS_OF_COMPETITION_PEAK,5,38,260828038,3,5798
POST_HOC_EXPLORATORY_K_ROBUSTNESS_OF_COMPETITION_PEAK,5,38,260828038,4,5503
POST_HOC_EXPLORATORY_K_ROBUSTNESS_OF_COMPETITION_PEAK,5,38,260828038,5,875
POST_HOC_EXPLORATORY_K_ROBUSTNESS_OF_COMPETITION_PEAK,5,38,260828038,6,1495
POST_HOC_EXPLORATORY_K_ROBUSTNESS_OF_COMPETITION_PEAK,5,38,260828038,7,202
POST_HOC_EXPLORATORY_K_ROBUSTNESS_OF_COMPETITION_PEAK,5,38,260828038,8,538
POST_HOC_EXPLORATORY_K_ROBUSTNESS_OF_COMPETITION_PEAK,5,38,260828038,9,144
POST_HOC_EXPLORATORY_K_ROBUSTNESS_OF_COMPETITION_PEAK,5,38,260828038,10,110
POST_HOC_EXPLORATORY_K_ROBUSTNESS_OF_COMPETITION_PEAK,5,38,260828038,11,17
POST_HOC_EXPLORATORY_K_ROBUSTNESS_OF_COMPETITION_PEAK,5,38,260828038,12,109
POST_HOC_EXPLORATORY_K_ROBUSTNESS_OF_COMPETITION_PEAK,5,38,260828038,13,8
POST_HOC_EXPLORATORY_K_ROBUSTNESS_OF_COMPETITION_PEAK,5,38,260828038,14,20
POST_HOC_EXPLORATORY_K_ROBUSTNESS_OF_COMPETITION_PEAK,5,38,260828038,15,10
POST_HOC_EXPLORATORY_K_ROBUSTNESS_OF_COMPETITION_PEAK,5,38,260828038,16,22
POST_HOC_EXPLORATORY_K_ROBUSTNESS_OF_COMPETITION_PEAK,5,38,260828038,17,2
POST_HOC_EXPLORATORY_K_ROBUSTNESS_OF_COMPETITION_PEAK,5,38,260828038,18,8
POST_HOC_EXPLORATORY_K_ROBUSTNESS_OF_COMPETITION_PEAK,5,38,260828038,19,1
POST_HOC_EXPLORATORY_K_ROBUSTNESS_OF_COMPETITION_PEAK,5,38,260828038,20,4
POST_HOC_EXPLORATORY_K_ROBUSTNESS_OF_COMPETITION_PEAK,5,38,260828038,21,1
POST_HOC_EXPLORATORY_K_ROBUSTNESS_OF_COMPETITION_PEAK,5,38,260828038,22,1
POST_HOC_EXPLORATORY_K_ROBUSTNESS_OF_COMPETITION_PEAK,5,38,260828038,24,4
POST_HOC_EXPLORATORY_K_ROBUSTNESS_OF_COMPETITION_PEAK,5,38,260828038,27,1
POST_HOC_EXPLORATORY_K_ROBUSTNESS_OF_COMPETITION_PEAK,5,38,260828038,28,1
POST_HOC_EXPLORATORY_K_ROBUSTNESS_OF_COMPETITION_PEAK,5,38,260828038,31,1
POST_HOC_EXPLORATORY_K_ROBUSTNESS_OF_COMPETITION_PEAK,5,38,260828038,33,1
POST_HOC_EXPLORATORY_K_ROBUSTNESS_OF_COMPETITION_PEAK,5,38,260828038,51,1
POST_HOC_EXPLORATORY_K_ROBUSTNESS_OF_COMPETITION_PEAK,5,40,260828040,0,3725
POST_HOC_EXPLORATORY_K_ROBUSTNESS_OF_COMPETITION_PEAK,5,40,260828040,1,53966
POST_HOC_EXPLORATORY_K_ROBUSTNESS_OF_COMPETITION_PEAK,5,40,260828040,2,27242
POST_HOC_EXPLORATORY_K_ROBUSTNESS_OF_COMPETITION_PEAK,5,40,260828040,3,5802
POST_HOC_EXPLORATORY_K_ROBUSTNESS_OF_COMPETITION_PEAK,5,40,260828040,4,5623
POST_HOC_EXPLORATORY_K_ROBUSTNESS_OF_COMPETITION_PEAK,5,40,260828040,5,862
POST_HOC_EXPLORATORY_K_ROBUSTNESS_OF_COMPETITION_PEAK,5,40,260828040,6,1494
POST_HOC_EXPLORATORY_K_ROBUSTNESS_OF_COMPETITION_PEAK,5,40,260828040,7,239
POST_HOC_EXPLORATORY_K_ROBUSTNESS_OF_COMPETITION_PEAK,5,40,260828040,8,538
POST_HOC_EXPLORATORY_K_ROBUSTNESS_OF_COMPETITION_PEAK,5,40,260828040,9,122
POST_HOC_EXPLORATORY_K_ROBUSTNESS_OF_COMPETITION_PEAK,5,40,260828040,10,121
POST_HOC_EXPLORATORY_K_ROBUSTNESS_OF_COMPETITION_PEAK,5,40,260828040,11,22
POST_HOC_EXPLORATORY_K_ROBUSTNESS_OF_COMPETITION_PEAK,5,40,260828040,12,145
POST_HOC_EXPLORATORY_K_ROBUSTNESS_OF_COMPETITION_PEAK,5,40,260828040,13,12
POST_HOC_EXPLORATORY_K_ROBUSTNESS_OF_COMPETITION_PEAK,5,40,260828040,14,27
POST_HOC_EXPLORATORY_K_ROBUSTNESS_OF_COMPETITION_PEAK,5,40,260828040,15,10
POST_HOC_EXPLORATORY_K_ROBUSTNESS_OF_COMPETITION_PEAK,5,40,260828040,16,24
POST_HOC_EXPLORATORY_K_ROBUSTNESS_OF_COMPETITION_PEAK,5,40,260828040,17,2
POST_HOC_EXPLORATORY_K_ROBUSTNESS_OF_COMPETITION_PEAK,5,40,260828040,18,12
POST_HOC_EXPLORATORY_K_ROBUSTNESS_OF_COMPETITION_PEAK,5,40,260828040,19,1
POST_HOC_EXPLORATORY_K_ROBUSTNESS_OF_COMPETITION_PEAK,5,40,260828040,20,4
POST_HOC_EXPLORATORY_K_ROBUSTNESS_OF_COMPETITION_PEAK,5,40,260828040,21,2
POST_HOC_EXPLORATORY_K_ROBUSTNESS_OF_COMPETITION_PEAK,5,40,260828040,22,1
POST_HOC_EXPLORATORY_K_ROBUSTNESS_OF_COMPETITION_PEAK,5,40,260828040,24,3
POST_HOC_EXPLORATORY_K_ROBUSTNESS_OF_COMPETITION_PEAK,5,40,260828040,27,1
