PHASE,method,n,r,count,p_given_E,p_given_E_ci95_low,p_given_E_ci95_high,q_given_tie,q_given_tie_ci95_low,q_given_tie_ci95_high
POST_HOC_EXPLORATORY_ORBITAL_MULTIPLICITY,EXACT,6,1,1,1,1,1,NA,NA,NA
POST_HOC_EXPLORATORY_ORBITAL_MULTIPLICITY,EXACT,7,1,36,0.97297297297297303,0.97297297297297303,0.97297297297297303,NA,NA,NA
POST_HOC_EXPLORATORY_ORBITAL_MULTIPLICITY,EXACT,7,2,1,0.027027027027027029,0.027027027027027029,0.027027027027027029,1,1,1
POST_HOC_EXPLORATORY_ORBITAL_MULTIPLICITY,EXACT,8,1,820,0.92031425364758701,0.92031425364758701,0.92031425364758701,NA,NA,NA
POST_HOC_EXPLORATORY_ORBITAL_MULTIPLICITY,EXACT,8,2,69,0.077441077441077436,0.077441077441077436,0.077441077441077436,0.971830985915493,0.971830985915493,0.971830985915493
POST_HOC_EXPLORATORY_ORBITAL_MULTIPLICITY,EXACT,8,3,2,0.0022446689113355782,0.0022446689113355782,0.0022446689113355782,0.028169014084507043,0.028169014084507043,0.028169014084507043
POST_HOC_EXPLORATORY_ORBITAL_MULTIPLICITY,EXACT,9,1,15423,0.8547913318184337,0.8547913318184337,0.8547913318184337,NA,NA,NA
POST_HOC_EXPLORATORY_ORBITAL_MULTIPLICITY,EXACT,9,2,2466,0.13667350218921465,0.13667350218921465,0.13667350218921465,0.94122137404580153,0.94122137404580153,0.94122137404580153
POST_HOC_EXPLORATORY_ORBITAL_MULTIPLICITY,EXACT,9,3,128,0.0070941639416948398,0.0070941639416948398,0.0070941639416948398,0.048854961832061068,0.048854961832061068,0.048854961832061068
POST_HOC_EXPLORATORY_ORBITAL_MULTIPLICITY,EXACT,9,4,26,0.0014410020506567644,0.0014410020506567644,0.0014410020506567644,0.0099236641221374048,0.0099236641221374048,0.0099236641221374048
POST_HOC_EXPLORATORY_ORBITAL_MULTIPLICITY,MONTE_CARLO_REPRODUCTION,20,1,41377,0.48186190592646938,0.47852073424921326,0.48520470039249741,NA,NA,NA
POST_HOC_EXPLORATORY_ORBITAL_MULTIPLICITY,MONTE_CARLO_REPRODUCTION,20,2,25433,0.29618372171563662,0.29313909718702513,0.29924658138883431,0.57163085498516586,0.56702681140287947,0.57622253035637028
POST_HOC_EXPLORATORY_ORBITAL_MULTIPLICITY,MONTE_CARLO_REPRODUCTION,20,3,6557,0.07636050262609323,0.074603095698156735,0.078155811960805482,0.14737480895441876,0.14411144901638076,0.15069905526323343
POST_HOC_EXPLORATORY_ORBITAL_MULTIPLICITY,MONTE_CARLO_REPRODUCTION,20,4,6875,0.080063818141587764,0.078267337027283876,0.081897870332439796,0.15452216128742247,0.15119343596480664,0.15791053887628906
POST_HOC_EXPLORATORY_ORBITAL_MULTIPLICITY,MONTE_CARLO_REPRODUCTION,20,5,1477,0.017200619548381837,0.01635233880447777,0.018092095647351703,0.033196979232221521,0.0315722043291774,0.034902355131802121
POST_HOC_EXPLORATORY_ORBITAL_MULTIPLICITY,MONTE_CARLO_REPRODUCTION,20,6,2116,0.024642187518196322,0.023626322550137628,0.025700582055108737,0.047559111750427041,0.045620251215976099,0.049576093429867116
POST_HOC_EXPLORATORY_ORBITAL_MULTIPLICITY,MONTE_CARLO_REPRODUCTION,20,7,433,0.0050425648371356371,0.0045904404124535135,0.0055389723802723011,0.0097320866672660246,0.0088612784084431788,0.010687547511068894
POST_HOC_EXPLORATORY_ORBITAL_MULTIPLICITY,MONTE_CARLO_REPRODUCTION,20,8,819,0.0095377842993396925,0.0089092804972257487,0.010210169039191648,0.018407803650094399,0.017199710738597614,0.019699051145480012
POST_HOC_EXPLORATORY_ORBITAL_MULTIPLICITY,MONTE_CARLO_REPRODUCTION,20,9,183,0.0021311532683506271,0.001844186579139618,0.0024626635557548605,0.0041130989840870271,0.0035596986867851973,0.0047521220743295045
POST_HOC_EXPLORATORY_ORBITAL_MULTIPLICITY,MONTE_CARLO_REPRODUCTION,20,10,218,0.0025387508879805283,0.0022236973776391489,0.0028983115293517163,0.0048997572597320868,0.0042922969070893508,0.0055927045762009832
POST_HOC_EXPLORATORY_ORBITAL_MULTIPLICITY,MONTE_CARLO_REPRODUCTION,20,11,53,0.00061721925258242211,0.00047194951450808879,0.00080716803831409542,0.0011912253888339476,0.00091090998351245117,0.0015576680952356144
POST_HOC_EXPLORATORY_ORBITAL_MULTIPLICITY,MONTE_CARLO_REPRODUCTION,20,12,168,0.0019564685742235266,0.0016823593537246074,0.0022751370216999916,0.003775959723096287,0.0032473159663516157,0.0043902844852592438
POST_HOC_EXPLORATORY_ORBITAL_MULTIPLICITY,MONTE_CARLO_REPRODUCTION,20,13,28,0.00032607809570392107,0.00022562288601693146,0.00047123840102211896,0.00062932662051604787,0.0004354659731734535,0.0009094115897348747
POST_HOC_EXPLORATORY_ORBITAL_MULTIPLICITY,MONTE_CARLO_REPRODUCTION,20,14,50,0.00058228231375700198,0.00044173714951252307,0.00076750965141568505,0.0011237975366357998,0.00085259524110994163,0.0014811387757373553
POST_HOC_EXPLORATORY_ORBITAL_MULTIPLICITY,MONTE_CARLO_REPRODUCTION,20,15,21,0.00024455857177794083,0.00015996957964206298,0.00037385995297771013,0.00047199496538703588,0.00030874888235326214,0.00072149253611993936
POST_HOC_EXPLORATORY_ORBITAL_MULTIPLICITY,MONTE_CARLO_REPRODUCTION,20,16,23,0.00026784986432822088,0.00017849731160050853,0.0004019127222819152,0.00051694686685246785,0.00034450901623094086,0.00077562844350943967
POST_HOC_EXPLORATORY_ORBITAL_MULTIPLICITY,MONTE_CARLO_REPRODUCTION,20,17,5,5.8228231375700194e-05,2.4871868310599217e-05,0.00013631365420796831,0.00011237975366357997,4.8002838496046107e-05,0.00026307024983972336
POST_HOC_EXPLORATORY_ORBITAL_MULTIPLICITY,MONTE_CARLO_REPRODUCTION,20,18,14,0.00016303904785196053,9.712541590783091e-05,0.0002736723622926647,0.00031466331025802394,0.00018745512067964835,0.00052815015335842678
POST_HOC_EXPLORATORY_ORBITAL_MULTIPLICITY,MONTE_CARLO_REPRODUCTION,20,19,2,2.3291292550280077e-05,6.3873357511875318e-06,8.4927434873403979e-05,4.4951901465431989e-05,1.232751931373262e-05,0.00016390150712126836
POST_HOC_EXPLORATORY_ORBITAL_MULTIPLICITY,MONTE_CARLO_REPRODUCTION,20,20,7,8.1519523925980267e-05,3.9489342505132845e-05,0.00016827668127608538,0.00015733165512901197,7.6214906236151618e-05,0.00032475422336679692
POST_HOC_EXPLORATORY_ORBITAL_MULTIPLICITY,MONTE_CARLO_REPRODUCTION,20,21,1,1.1645646275140038e-05,2.0557454835845514e-06,6.5968774509681612e-05,2.2475950732715994e-05,3.9675682177289025e-06,0.00012731343758368258
POST_HOC_EXPLORATORY_ORBITAL_MULTIPLICITY,MONTE_CARLO_REPRODUCTION,20,22,3,3.4936938825420114e-05,1.1881781528082494e-05,0.00010272323972783436,6.7427852198147977e-05,2.2931813581925355e-05,0.00019824523348666511
POST_HOC_EXPLORATORY_ORBITAL_MULTIPLICITY,MONTE_CARLO_REPRODUCTION,20,23,0,0,0,4.4734269361940829e-05,0,0,8.6332985167821981e-05
POST_HOC_EXPLORATORY_ORBITAL_MULTIPLICITY,MONTE_CARLO_REPRODUCTION,20,24,3,3.4936938825420114e-05,1.1881781528082494e-05,0.00010272323972783436,6.7427852198147977e-05,2.2931813581925355e-05,0.00019824523348666511
POST_HOC_EXPLORATORY_ORBITAL_MULTIPLICITY,MONTE_CARLO_REPRODUCTION,20,25,0,0,0,4.4734269361940829e-05,0,0,8.6332985167821981e-05
POST_HOC_EXPLORATORY_ORBITAL_MULTIPLICITY,MONTE_CARLO_REPRODUCTION,20,26,1,1.1645646275140038e-05,2.0557454835845514e-06,6.5968774509681612e-05,2.2475950732715994e-05,3.9675682177289025e-06,0.00012731343758368258
POST_HOC_EXPLORATORY_ORBITAL_MULTIPLICITY,MONTE_CARLO_REPRODUCTION,20,27,0,0,0,4.4734269361940829e-05,0,0,8.6332985167821981e-05
POST_HOC_EXPLORATORY_ORBITAL_MULTIPLICITY,MONTE_CARLO_REPRODUCTION,20,28,2,2.3291292550280077e-05,6.3873357511875318e-06,8.4927434873403979e-05,4.4951901465431989e-05,1.232751931373262e-05,0.00016390150712126836
POST_HOC_EXPLORATORY_ORBITAL_MULTIPLICITY,MONTE_CARLO_REPRODUCTION,22,1,44033,0.47418694809390483,0.47097646157494449,0.47739957020782614,NA,NA,NA
POST_HOC_EXPLORATORY_ORBITAL_MULTIPLICITY,MONTE_CARLO_REPRODUCTION,22,2,27136,0.29222485461985787,0.28930840240311145,0.29515849672779132,0.55575808466627075,0.55134658852839968,0.56016080797206413
POST_HOC_EXPLORATORY_ORBITAL_MULTIPLICITY,MONTE_CARLO_REPRODUCTION,22,3,7397,0.079657548998492353,0.077933392476098706,0.081416481773747079,0.15149405042292174,0.14834135532744028,0.15470157853844022
POST_HOC_EXPLORATORY_ORBITAL_MULTIPLICITY,MONTE_CARLO_REPRODUCTION,22,4,7478,0.080529829851389192,0.078796959138707656,0.08229740465039373,0.15315296864439756,0.14998590813046123,0.15637460116849086
POST_HOC_EXPLORATORY_ORBITAL_MULTIPLICITY,MONTE_CARLO_REPRODUCTION,22,5,1614,0.017381003661425802,0.016560197887092124,0.018241738023063111,0.033055481598296022,0.031506081025508038,0.034678350007615204
POST_HOC_EXPLORATORY_ORBITAL_MULTIPLICITY,MONTE_CARLO_REPRODUCTION,22,6,2423,0.026093043290975663,0.025087171807864534,0.027138122586954316,0.04962418334118418,0.047733114676706892,0.051586112965736869
POST_HOC_EXPLORATORY_ORBITAL_MULTIPLICITY,MONTE_CARLO_REPRODUCTION,22,7,529,0.0056967477923756194,0.0052327054145635864,0.0062016854327238873,0.010834169619268029,0.0099536539247150856,0.011791649393806482
POST_HOC_EXPLORATORY_ORBITAL_MULTIPLICITY,MONTE_CARLO_REPRODUCTION,22,8,1013,0.010908895110919664,0.010260733427059543,0.011597520839977235,0.020746718004382821,0.01951963657325817,0.022049203900901385
POST_HOC_EXPLORATORY_ORBITAL_MULTIPLICITY,MONTE_CARLO_REPRODUCTION,22,9,295,0.0031768253284514322,0.0028348592367748093,0.0035598951637743608,0.0060417392016712066,0.0053921694781005301,0.0067690270337696107
POST_HOC_EXPLORATORY_ORBITAL_MULTIPLICITY,MONTE_CARLO_REPRODUCTION,22,10,354,0.0038121903941417189,0.0034358313930796182,0.0042296005731001507,0.0072500870420054474,0.0065353774493630799,0.0080423246248678883
POST_HOC_EXPLORATORY_ORBITAL_MULTIPLICITY,MONTE_CARLO_REPRODUCTION,22,11,87,0.00093689424940771049,0.00075968532351062981,0.0011553922354933844,0.0017818010526962542,0.0014448856754176015,0.0021971047860957181
POST_HOC_EXPLORATORY_ORBITAL_MULTIPLICITY,MONTE_CARLO_REPRODUCTION,22,12,232,0.0024983846650872281,0.0021972272292256458,0.0028407019741247515,0.0047514694738566773,0.0041792559233249649,0.0054016041406005598
POST_HOC_EXPLORATORY_ORBITAL_MULTIPLICITY,MONTE_CARLO_REPRODUCTION,22,13,30,0.00032306698255438296,0.00022631841422962823,0.00046115539492787717,0.00061441415610215657,0.00043043159701089948,0.00087696874493348328
POST_HOC_EXPLORATORY_ORBITAL_MULTIPLICITY,MONTE_CARLO_REPRODUCTION,22,14,72,0.00077536075813051909,0.0006158020356109746,0.0009762219050123797,0.0014745939746451757,0.0011712172088665879,0.0018564074317075376
POST_HOC_EXPLORATORY_ORBITAL_MULTIPLICITY,MONTE_CARLO_REPRODUCTION,22,15,36,0.00038768037906525954,0.00028005917817956489,0.00053663607833020458,0.00073729698732258786,0.00053264288972394019,0.0010205037805961202
POST_HOC_EXPLORATORY_ORBITAL_MULTIPLICITY,MONTE_CARLO_REPRODUCTION,22,16,43,0.00046306267499461557,0.00034382165278199546,0.00062363195897208222,0.00088066029041309116,0.00065391571089302796,0.0011859350091986563
POST_HOC_EXPLORATORY_ORBITAL_MULTIPLICITY,MONTE_CARLO_REPRODUCTION,22,17,9,9.6920094766314886e-05,5.0992344795387001e-05,0.00018420639862919391,0.00018432424683064696,9.6979473591948746e-05,0.00035030871903756269
POST_HOC_EXPLORATORY_ORBITAL_MULTIPLICITY,MONTE_CARLO_REPRODUCTION,22,18,22,0.00023691578720654748,0.00015646823063811239,0.00035871031538304074,0.00045057038114158148,0.00029758247037951497,0.00068215610039729774
POST_HOC_EXPLORATORY_ORBITAL_MULTIPLICITY,MONTE_CARLO_REPRODUCTION,22,19,4,4.3075597673917726e-05,1.6751382179476301e-05,0.00011076282178488449,8.1921887480287546e-05,3.1858268770405921e-05,0.00021064131687937421
POST_HOC_EXPLORATORY_ORBITAL_MULTIPLICITY,MONTE_CARLO_REPRODUCTION,22,20,14,0.00015076459185871203,8.9813126064710471e-05,0.00025307015682009054,0.00028672660618100638,0.00017081160128777349,0.0004812651983214692
POST_HOC_EXPLORATORY_ORBITAL_MULTIPLICITY,MONTE_CARLO_REPRODUCTION,22,21,7,7.5382295929356016e-05,3.651633480423528e-05,0.00015560859283625757,0.00014336330309050319,6.9448166752864843e-05,0.00029592458308475407
POST_HOC_EXPLORATORY_ORBITAL_MULTIPLICITY,MONTE_CARLO_REPRODUCTION,22,22,5,5.384449709239716e-05,2.2999363069844908e-05,0.0001260517487865599,0.00010240235935035943,4.3740935067922043e-05,0.00023971637197780441
POST_HOC_EXPLORATORY_ORBITAL_MULTIPLICITY,MONTE_CARLO_REPRODUCTION,22,23,1,1.0768899418479431e-05,1.9009777063082026e-06,6.1002502581920549e-05,2.0480471870071886e-05,3.6153153300613365e-06,0.00011601110613188004
POST_HOC_EXPLORATORY_ORBITAL_MULTIPLICITY,MONTE_CARLO_REPRODUCTION,22,24,10,0.00010768899418479432,5.8497524953943046e-05,0.0001982381263626819,0.00020480471870071886,0.00011125330248227289,0.00037699261154318484
POST_HOC_EXPLORATORY_ORBITAL_MULTIPLICITY,MONTE_CARLO_REPRODUCTION,22,25,0,0,0,4.1366572396184714e-05,0,0,7.8668700065995137e-05
POST_HOC_EXPLORATORY_ORBITAL_MULTIPLICITY,MONTE_CARLO_REPRODUCTION,22,26,3,3.2306698255438298e-05,1.0987252300245978e-05,9.4990043772070804e-05,6.1441415610215659e-05,2.0895840968132868e-05,0.00018064602328570102
POST_HOC_EXPLORATORY_ORBITAL_MULTIPLICITY,MONTE_CARLO_REPRODUCTION,22,27,5,5.384449709239716e-05,2.2999363069844908e-05,0.0001260517487865599,0.00010240235935035943,4.3740935067922043e-05,0.00023971637197780441
POST_HOC_EXPLORATORY_ORBITAL_MULTIPLICITY,MONTE_CARLO_REPRODUCTION,22,28,2,2.1537798836958863e-05,5.9064611608459681e-06,7.8533927019426786e-05,4.0960943740143773e-05,1.1233040067891705e-05,0.0001493511027899959
POST_HOC_EXPLORATORY_ORBITAL_MULTIPLICITY,MONTE_CARLO_REPRODUCTION,22,29,1,1.0768899418479431e-05,1.9009777063082026e-06,6.1002502581920549e-05,2.0480471870071886e-05,3.6153153300613365e-06,0.00011601110613188004
POST_HOC_EXPLORATORY_ORBITAL_MULTIPLICITY,MONTE_CARLO_REPRODUCTION,22,30,2,2.1537798836958863e-05,5.9064611608459681e-06,7.8533927019426786e-05,4.0960943740143773e-05,1.1233040067891705e-05,0.0001493511027899959
POST_HOC_EXPLORATORY_ORBITAL_MULTIPLICITY,MONTE_CARLO_REPRODUCTION,22,31,0,0,0,4.1366572396184714e-05,0,0,7.8668700065995137e-05
POST_HOC_EXPLORATORY_ORBITAL_MULTIPLICITY,MONTE_CARLO_REPRODUCTION,22,32,1,1.0768899418479431e-05,1.9009777063082026e-06,6.1002502581920549e-05,2.0480471870071886e-05,3.6153153300613365e-06,0.00011601110613188004
POST_HOC_EXPLORATORY_ORBITAL_MULTIPLICITY,MONTE_CARLO_REPRODUCTION,22,33,0,0,0,4.1366572396184714e-05,0,0,7.8668700065995137e-05
POST_HOC_EXPLORATORY_ORBITAL_MULTIPLICITY,MONTE_CARLO_REPRODUCTION,22,34,1,1.0768899418479431e-05,1.9009777063082026e-06,6.1002502581920549e-05,2.0480471870071886e-05,3.6153153300613365e-06,0.00011601110613188004
POST_HOC_EXPLORATORY_ORBITAL_MULTIPLICITY,MONTE_CARLO_REPRODUCTION,22,35,0,0,0,4.1366572396184714e-05,0,0,7.8668700065995137e-05
POST_HOC_EXPLORATORY_ORBITAL_MULTIPLICITY,MONTE_CARLO_REPRODUCTION,22,36,1,1.0768899418479431e-05,1.9009777063082026e-06,6.1002502581920549e-05,2.0480471870071886e-05,3.6153153300613365e-06,0.00011601110613188004
POST_HOC_EXPLORATORY_ORBITAL_MULTIPLICITY,MONTE_CARLO_REPRODUCTION,24,1,46380,0.48004471309099944,0.47689530168038835,0.48319571128568634,NA,NA,NA
POST_HOC_EXPLORATORY_ORBITAL_MULTIPLICITY,MONTE_CARLO_REPRODUCTION,24,2,27837,0.28811998012751511,0.28527274144686204,0.29098406686668249,0.5541245322079783,0.54977394424101977,0.55846684319174467
POST_HOC_EXPLORATORY_ORBITAL_MULTIPLICITY,MONTE_CARLO_REPRODUCTION,24,3,7508,0.07770969611658525,0.076038348160594516,0.079414623320652827,0.14945457440879051,0.14636361298196707,0.15259914292425472
POST_HOC_EXPLORATORY_ORBITAL_MULTIPLICITY,MONTE_CARLO_REPRODUCTION,24,4,7540,0.078040904198062436,0.076366253621948058,0.079749107685588502,0.15009156779998409,0.14699509159614615,0.15324155368037667
POST_HOC_EXPLORATORY_ORBITAL_MULTIPLICITY,MONTE_CARLO_REPRODUCTION,24,5,1699,0.017585079075929454,0.016775266210117074,0.018433252117565718,0.033820367863683413,0.032274938113128371,0.035437088040637027
POST_HOC_EXPLORATORY_ORBITAL_MULTIPLICITY,MONTE_CARLO_REPRODUCTION,24,6,2535,0.02623789020452099,0.02524867724721596,0.027264775292272649,0.050461820208615338,0.048581797551913081,0.052410588400966365
POST_HOC_EXPLORATORY_ORBITAL_MULTIPLICITY,MONTE_CARLO_REPRODUCTION,24,7,565,0.005847892688581601,0.0053863640851986956,0.0063487147733599413,0.011246914563261406,0.010361414886659301,0.012207156707063821
POST_HOC_EXPLORATORY_ORBITAL_MULTIPLICITY,MONTE_CARLO_REPRODUCTION,24,8,1074,0.011116171234578124,0.010474225841295348,0.011796991191676159,0.021379090691934072,0.020150346312922694,0.022681028077150972
POST_HOC_EXPLORATORY_ORBITAL_MULTIPLICITY,MONTE_CARLO_REPRODUCTION,24,9,319,0.0033017305622257184,0.0029592239642648966,0.0036837331046953798,0.0063500278684608651,0.0056921587516587085,0.0070833883078753532
POST_HOC_EXPLORATORY_ORBITAL_MULTIPLICITY,MONTE_CARLO_REPRODUCTION,24,10,380,0.0039330959675416078,0.003557663289512185,0.004347974385811912,0.0075642965204236008,0.0068433803371489915,0.0083605183345213836
POST_HOC_EXPLORATORY_ORBITAL_MULTIPLICITY,MONTE_CARLO_REPRODUCTION,24,11,78,0.00080731969860064589,0.00064698414124618638,0.0010073495484734189,0.001552671391034318,0.0012443892879031577,0.0019371784515513717
POST_HOC_EXPLORATORY_ORBITAL_MULTIPLICITY,MONTE_CARLO_REPRODUCTION,24,12,301,0.0031154260163948001,0.0027832310978480163,0.0034871316938245756,0.0059917190859144834,0.0053536053432092744,0.0067053789455304644
POST_HOC_EXPLORATORY_ORBITAL_MULTIPLICITY,MONTE_CARLO_REPRODUCTION,24,13,57,0.00058996439513124121,0.00045542942411230434,0.00076421094210500184,0.0011346444780635401,0.00087594856135365744,0.0014696292788408301
POST_HOC_EXPLORATORY_ORBITAL_MULTIPLICITY,MONTE_CARLO_REPRODUCTION,24,14,91,0.00094187298170075352,0.00076727745698998645,0.0011561520996596136,0.0018114499562067044,0.0014757673637696977,0.0022233179323696197
POST_HOC_EXPLORATORY_ORBITAL_MULTIPLICITY,MONTE_CARLO_REPRODUCTION,24,15,46,0.00047611161712345779,0.00035699388440624675,0.00063494997902414072,0.00091567799984075169,0.00068661811171934076,0.0012210602574341724
POST_HOC_EXPLORATORY_ORBITAL_MULTIPLICITY,MONTE_CARLO_REPRODUCTION,24,16,72,0.00074521818332367305,0.00059186076746705306,0.00093827482982332378,0.0014332351301855244,0.0011383630658189136,0.0018043504167041756
POST_HOC_EXPLORATORY_ORBITAL_MULTIPLICITY,MONTE_CARLO_REPRODUCTION,24,17,13,0.00013455328310010763,7.8638741877920941e-05,0.00023021561319171066,0.00025877856517238636,0.00015124423483107321,0.00044273572119951665
POST_HOC_EXPLORATORY_ORBITAL_MULTIPLICITY,MONTE_CARLO_REPRODUCTION,24,18,45,0.00046576136457729568,0.00034813103214523824,0.00062311314921361109,0.00089577195636595275,0.00066957144476009235,0.001198297881571514
POST_HOC_EXPLORATORY_ORBITAL_MULTIPLICITY,MONTE_CARLO_REPRODUCTION,24,19,6,6.2101515276972763e-05,2.8461982388835025e-05,0.00013549459818003028,0.0001194362608487937,5.4739822690810677e-05,0.00026057683358643186
POST_HOC_EXPLORATORY_ORBITAL_MULTIPLICITY,MONTE_CARLO_REPRODUCTION,24,20,15,0.00015525378819243189,9.4092073645667723e-05,0.00025616164556704001,0.00029859065212198423,0.00018096571241820768,0.00049263232925619567
POST_HOC_EXPLORATORY_ORBITAL_MULTIPLICITY,MONTE_CARLO_REPRODUCTION,24,21,6,6.2101515276972763e-05,2.8461982388835025e-05,0.00013549459818003028,0.0001194362608487937,5.4739822690810677e-05,0.00026057683358643186
POST_HOC_EXPLORATORY_ORBITAL_MULTIPLICITY,MONTE_CARLO_REPRODUCTION,24,22,9,9.3152272915459131e-05,4.9009959249650853e-05,0.00017704566753382858,0.00017915439127319055,9.4259351009981436e-05,0.00034048443373298134
POST_HOC_EXPLORATORY_ORBITAL_MULTIPLICITY,MONTE_CARLO_REPRODUCTION,24,23,1,1.0350252546162127e-05,1.8270760606623406e-06,5.8631094150512664e-05,1.9906043474798948e-05,3.5139141072611766e-06,0.00011275752806044755
POST_HOC_EXPLORATORY_ORBITAL_MULTIPLICITY,MONTE_CARLO_REPRODUCTION,24,24,16,0.00016560404073859403,0.00010194228535907793,0.00026901111592516789,0.00031849669559678317,0.00019606410654447674,0.0005173429779518334
POST_HOC_EXPLORATORY_ORBITAL_MULTIPLICITY,MONTE_CARLO_REPRODUCTION,24,25,0,0,0,3.9758488139636955e-05,0,6.7762635780344027e-21,7.6462399345801938e-05
POST_HOC_EXPLORATORY_ORBITAL_MULTIPLICITY,MONTE_CARLO_REPRODUCTION,24,26,3,3.1050757638486382e-05,1.0560114618657787e-05,9.1297419735593345e-05,5.9718130424396848e-05,2.0309756598543431e-05,0.00017557977121297882
POST_HOC_EXPLORATORY_ORBITAL_MULTIPLICITY,MONTE_CARLO_REPRODUCTION,24,27,4,4.1401010184648506e-05,1.6100158394602181e-05,0.00010645705803118699,7.9624173899195793e-05,3.0964708130447967e-05,0.00020473386250298103
POST_HOC_EXPLORATORY_ORBITAL_MULTIPLICITY,MONTE_CARLO_REPRODUCTION,24,28,1,1.0350252546162127e-05,1.8270760606623406e-06,5.8631094150512664e-05,1.9906043474798948e-05,3.5139141072611766e-06,0.00011275752806044755
POST_HOC_EXPLORATORY_ORBITAL_MULTIPLICITY,MONTE_CARLO_REPRODUCTION,24,29,0,0,0,3.9758488139636955e-05,0,6.7762635780344027e-21,7.6462399345801938e-05
POST_HOC_EXPLORATORY_ORBITAL_MULTIPLICITY,MONTE_CARLO_REPRODUCTION,24,30,5,5.1751262730810631e-05,2.2105242280138876e-05,0.00012115165621718837,9.9530217373994744e-05,4.2514085213080969e-05,0.00023299352824225476
POST_HOC_EXPLORATORY_ORBITAL_MULTIPLICITY,MONTE_CARLO_REPRODUCTION,24,31,0,0,0,3.9758488139636955e-05,0,6.7762635780344027e-21,7.6462399345801938e-05
POST_HOC_EXPLORATORY_ORBITAL_MULTIPLICITY,MONTE_CARLO_REPRODUCTION,24,32,2,2.0700505092324253e-05,5.6768435007131224e-06,7.5481008781999939e-05,3.9812086949597896e-05,1.0917978122675754e-05,0.0001451625068669397
POST_HOC_EXPLORATORY_ORBITAL_MULTIPLICITY,MONTE_CARLO_REPRODUCTION,24,33,1,1.0350252546162127e-05,1.8270760606623406e-06,5.8631094150512664e-05,1.9906043474798948e-05,3.5139141072611766e-06,0.00011275752806044755
POST_HOC_EXPLORATORY_ORBITAL_MULTIPLICITY,MONTE_CARLO_REPRODUCTION,24,34,1,1.0350252546162127e-05,1.8270760606623406e-06,5.8631094150512664e-05,1.9906043474798948e-05,3.5139141072611766e-06,0.00011275752806044755
POST_HOC_EXPLORATORY_ORBITAL_MULTIPLICITY,MONTE_CARLO_REPRODUCTION,24,35,0,0,0,3.9758488139636955e-05,0,6.7762635780344027e-21,7.6462399345801938e-05
POST_HOC_EXPLORATORY_ORBITAL_MULTIPLICITY,MONTE_CARLO_REPRODUCTION,24,36,2,2.0700505092324253e-05,5.6768435007131224e-06,7.5481008781999939e-05,3.9812086949597896e-05,1.0917978122675754e-05,0.0001451625068669397
POST_HOC_EXPLORATORY_ORBITAL_MULTIPLICITY,MONTE_CARLO_REPRODUCTION,24,37,1,1.0350252546162127e-05,1.8270760606623406e-06,5.8631094150512664e-05,1.9906043474798948e-05,3.5139141072611766e-06,0.00011275752806044755
POST_HOC_EXPLORATORY_ORBITAL_MULTIPLICITY,MONTE_CARLO_REPRODUCTION,24,38,0,0,0,3.9758488139636955e-05,0,6.7762635780344027e-21,7.6462399345801938e-05
POST_HOC_EXPLORATORY_ORBITAL_MULTIPLICITY,MONTE_CARLO_REPRODUCTION,24,39,0,0,0,3.9758488139636955e-05,0,6.7762635780344027e-21,7.6462399345801938e-05
POST_HOC_EXPLORATORY_ORBITAL_MULTIPLICITY,MONTE_CARLO_REPRODUCTION,24,40,0,0,0,3.9758488139636955e-05,0,6.7762635780344027e-21,7.6462399345801938e-05
POST_HOC_EXPLORATORY_ORBITAL_MULTIPLICITY,MONTE_CARLO_REPRODUCTION,24,41,0,0,0,3.9758488139636955e-05,0,6.7762635780344027e-21,7.6462399345801938e-05
POST_HOC_EXPLORATORY_ORBITAL_MULTIPLICITY,MONTE_CARLO_REPRODUCTION,24,42,1,1.0350252546162127e-05,1.8270760606623406e-06,5.8631094150512664e-05,1.9906043474798948e-05,3.5139141072611766e-06,0.00011275752806044755
POST_HOC_EXPLORATORY_ORBITAL_MULTIPLICITY,MONTE_CARLO_REPRODUCTION,24,43,0,0,0,3.9758488139636955e-05,0,6.7762635780344027e-21,7.6462399345801938e-05
POST_HOC_EXPLORATORY_ORBITAL_MULTIPLICITY,MONTE_CARLO_REPRODUCTION,24,44,1,1.0350252546162127e-05,1.8270760606623406e-06,5.8631094150512664e-05,1.9906043474798948e-05,3.5139141072611766e-06,0.00011275752806044755
POST_HOC_EXPLORATORY_ORBITAL_MULTIPLICITY,MONTE_CARLO_REPRODUCTION,24,45,0,0,0,3.9758488139636955e-05,0,6.7762635780344027e-21,7.6462399345801938e-05
POST_HOC_EXPLORATORY_ORBITAL_MULTIPLICITY,MONTE_CARLO_REPRODUCTION,24,46,1,1.0350252546162127e-05,1.8270760606623406e-06,5.8631094150512664e-05,1.9906043474798948e-05,3.5139141072611766e-06,0.00011275752806044755
POST_HOC_EXPLORATORY_ORBITAL_MULTIPLICITY,MONTE_CARLO_REPRODUCTION,26,1,48222,0.48839329120077785,0.48527589544579591,0.49151159007031292,NA,NA,NA
POST_HOC_EXPLORATORY_ORBITAL_MULTIPLICITY,MONTE_CARLO_REPRODUCTION,26,2,28513,0.28878018149408524,0.28596163640780958,0.29161516153149947,0.56445737815259134,0.56012876344652285,0.56877618997093893
POST_HOC_EXPLORATORY_ORBITAL_MULTIPLICITY,MONTE_CARLO_REPRODUCTION,26,3,7537,0.076334872792092043,0.074695043413632575,0.078007667427855712,0.14920616066832956,0.14612579269966403,0.15233987850505881
POST_HOC_EXPLORATORY_ORBITAL_MULTIPLICITY,MONTE_CARLO_REPRODUCTION,26,4,7292,0.073853508345486957,0.072238727865012745,0.075501447157493559,0.14435602011323592,0.14131823233759075,0.14744789538209582
POST_HOC_EXPLORATORY_ORBITAL_MULTIPLICITY,MONTE_CARLO_REPRODUCTION,26,5,1559,0.015789580294927889,0.015030635205592212,0.016586201652735673,0.03086273112404482,0.02938986452294234,0.032406945646895266
POST_HOC_EXPLORATORY_ORBITAL_MULTIPLICITY,MONTE_CARLO_REPRODUCTION,26,6,2566,0.025988494571382272,0.025014392627533567,0.026999479209222309,0.050797798630082748,0.048916834000887414,0.052747079391119715
POST_HOC_EXPLORATORY_ORBITAL_MULTIPLICITY,MONTE_CARLO_REPRODUCTION,26,7,554,0.0056109220547723221,0.0051638545491474808,0.0060964578272339016,0.010967256602130103,0.010095485501048924,0.011913401393435765
POST_HOC_EXPLORATORY_ORBITAL_MULTIPLICITY,MONTE_CARLO_REPRODUCTION,26,8,1028,0.010411602657591962,0.0097972407466113357,0.011064059295882131,0.020350793839331669,0.019155461658586913,0.021619072631437357
POST_HOC_EXPLORATORY_ORBITAL_MULTIPLICITY,MONTE_CARLO_REPRODUCTION,26,9,307,0.0031093015718684168,0.002780833523454609,0.0034764325374633032,0.0060775230629132515,0.0054362984848143146,0.0067938649778174712
POST_HOC_EXPLORATORY_ORBITAL_MULTIPLICITY,MONTE_CARLO_REPRODUCTION,26,10,354,0.0035853184248906176,0.0032313229580521532,0.0039779397701806708,0.0070079581898087658,0.0063170455539042006,0.0077738466589182195
POST_HOC_EXPLORATORY_ORBITAL_MULTIPLICITY,MONTE_CARLO_REPRODUCTION,26,11,95,0.00096216172419380974,0.00078722218495544177,0.0011759312489249985,0.0018806667458526349,0.0015388410687445298,0.0022982480313252507
POST_HOC_EXPLORATORY_ORBITAL_MULTIPLICITY,MONTE_CARLO_REPRODUCTION,26,12,282,0.0028561011181332035,0.0025420164002021668,0.0032088684546971759,0.0055826107613730844,0.0049693964886852017,0.0062710176387388008
POST_HOC_EXPLORATORY_ORBITAL_MULTIPLICITY,MONTE_CARLO_REPRODUCTION,26,13,51,0.00051652892561983473,0.00039291330408029214,0.00067900920720746554,0.0010096210951419408,0.00076803791223905736,0.0013270923578650234
POST_HOC_EXPLORATORY_ORBITAL_MULTIPLICITY,MONTE_CARLO_REPRODUCTION,26,14,94,0.00095203370604440125,0.00077810891433960263,0.0011647892713000951,0.0018608702537910283,0.0015210259571778392,0.0022764731694836296
POST_HOC_EXPLORATORY_ORBITAL_MULTIPLICITY,MONTE_CARLO_REPRODUCTION,26,15,41,0.00041524874412574947,0.00030613054853792694,0.00056323948034240278,0.00081165617452587401,0.00059839732850372994,0.0011008332075172372
POST_HOC_EXPLORATORY_ORBITAL_MULTIPLICITY,MONTE_CARLO_REPRODUCTION,26,16,88,0.00089126559714795004,0.00072354516364290839,0.0010978215325523324,0.0017420913014213881,0.0014143620768516222,0.002145597209359979
POST_HOC_EXPLORATORY_ORBITAL_MULTIPLICITY,MONTE_CARLO_REPRODUCTION,26,17,18,0.00018230432668935343,0.00011532425457840562,0.00028817506476483986,0.00035633685710892031,0.00022542142317734834,0.00056323972445245765
POST_HOC_EXPLORATORY_ORBITAL_MULTIPLICITY,MONTE_CARLO_REPRODUCTION,26,18,49,0.00049627288932101762,0.00037543666953074068,0.00065597534527553141,0.00097002811101872747,0.00073387492078771162,0.0012820754024997463
POST_HOC_EXPLORATORY_ORBITAL_MULTIPLICITY,MONTE_CARLO_REPRODUCTION,26,19,7,7.0896127045859666e-05,3.4343140195135143e-05,0.00014634844849993969,0.00013857544443124679,6.7128774323013354e-05,0.00028604266581536782
POST_HOC_EXPLORATORY_ORBITAL_MULTIPLICITY,MONTE_CARLO_REPRODUCTION,26,20,18,0.00018230432668935343,0.00011532425457840562,0.00028817506476483986,0.00035633685710892031,0.00022542142317734834,0.00056323972445245765
POST_HOC_EXPLORATORY_ORBITAL_MULTIPLICITY,MONTE_CARLO_REPRODUCTION,26,21,4,4.0512072597634096e-05,1.575446308175507e-05,0.00010417138089109137,7.9185968246426729e-05,3.0794293878896414e-05,0.00020360722603455074
POST_HOC_EXPLORATORY_ORBITAL_MULTIPLICITY,MONTE_CARLO_REPRODUCTION,26,22,11,0.00011140819964349375,6.221180976574116e-05,0.00019950077189230476,0.00021776141267767352,0.00012160289484160924,0.00038992843893001738
POST_HOC_EXPLORATORY_ORBITAL_MULTIPLICITY,MONTE_CARLO_REPRODUCTION,26,23,3,3.038405444822557e-05,1.0333373035930844e-05,8.9337222696172797e-05,5.9389476184820047e-05,2.0197982268789442e-05,0.00017461356423634634
POST_HOC_EXPLORATORY_ORBITAL_MULTIPLICITY,MONTE_CARLO_REPRODUCTION,26,24,18,0.00018230432668935343,0.00011532425457840562,0.00028817506476483986,0.00035633685710892031,0.00022542142317734834,0.00056323972445245765
POST_HOC_EXPLORATORY_ORBITAL_MULTIPLICITY,MONTE_CARLO_REPRODUCTION,26,25,2,2.0256036298817048e-05,5.5549533461666733e-06,7.3860394145194185e-05,3.9592984123213365e-05,1.0857891479587736e-05,0.00014436368161723672
POST_HOC_EXPLORATORY_ORBITAL_MULTIPLICITY,MONTE_CARLO_REPRODUCTION,26,26,8,8.1024145195268191e-05,4.1057502073974941e-05,0.00015988933486184268,0.00015837193649285346,8.0253108953966392e-05,0.00031250830459272612
POST_HOC_EXPLORATORY_ORBITAL_MULTIPLICITY,MONTE_CARLO_REPRODUCTION,26,27,2,2.0256036298817048e-05,5.5549533461666733e-06,7.3860394145194185e-05,3.9592984123213365e-05,1.0857891479587736e-05,0.00014436368161723672
POST_HOC_EXPLORATORY_ORBITAL_MULTIPLICITY,MONTE_CARLO_REPRODUCTION,26,28,4,4.0512072597634096e-05,1.575446308175507e-05,0.00010417138089109137,7.9185968246426729e-05,3.0794293878896414e-05,0.00020360722603455074
POST_HOC_EXPLORATORY_ORBITAL_MULTIPLICITY,MONTE_CARLO_REPRODUCTION,26,29,0,0,0,3.8904851009875286e-05,0,0,7.6041626280201757e-05
POST_HOC_EXPLORATORY_ORBITAL_MULTIPLICITY,MONTE_CARLO_REPRODUCTION,26,30,2,2.0256036298817048e-05,5.5549533461666733e-06,7.3860394145194185e-05,3.9592984123213365e-05,1.0857891479587736e-05,0.00014436368161723672
POST_HOC_EXPLORATORY_ORBITAL_MULTIPLICITY,MONTE_CARLO_REPRODUCTION,26,31,2,2.0256036298817048e-05,5.5549533461666733e-06,7.3860394145194185e-05,3.9592984123213365e-05,1.0857891479587736e-05,0.00014436368161723672
POST_HOC_EXPLORATORY_ORBITAL_MULTIPLICITY,MONTE_CARLO_REPRODUCTION,26,32,0,0,0,3.8904851009875286e-05,0,0,7.6041626280201757e-05
POST_HOC_EXPLORATORY_ORBITAL_MULTIPLICITY,MONTE_CARLO_REPRODUCTION,26,33,1,1.0128018149408524e-05,1.7878461334259877e-06,5.7372253117192081e-05,1.9796492061606682e-05,3.4945754979413457e-06,0.00011213702419057175
POST_HOC_EXPLORATORY_ORBITAL_MULTIPLICITY,MONTE_CARLO_REPRODUCTION,26,34,1,1.0128018149408524e-05,1.7878461334259877e-06,5.7372253117192081e-05,1.9796492061606682e-05,3.4945754979413457e-06,0.00011213702419057175
POST_HOC_EXPLORATORY_ORBITAL_MULTIPLICITY,MONTE_CARLO_REPRODUCTION,26,35,0,0,0,3.8904851009875286e-05,0,0,7.6041626280201757e-05
POST_HOC_EXPLORATORY_ORBITAL_MULTIPLICITY,MONTE_CARLO_REPRODUCTION,26,36,1,1.0128018149408524e-05,1.7878461334259877e-06,5.7372253117192081e-05,1.9796492061606682e-05,3.4945754979413457e-06,0.00011213702419057175
POST_HOC_EXPLORATORY_ORBITAL_MULTIPLICITY,MONTE_CARLO_REPRODUCTION,26,37,0,0,0,3.8904851009875286e-05,0,0,7.6041626280201757e-05
POST_HOC_EXPLORATORY_ORBITAL_MULTIPLICITY,MONTE_CARLO_REPRODUCTION,26,38,0,0,0,3.8904851009875286e-05,0,0,7.6041626280201757e-05
POST_HOC_EXPLORATORY_ORBITAL_MULTIPLICITY,MONTE_CARLO_REPRODUCTION,26,39,1,1.0128018149408524e-05,1.7878461334259877e-06,5.7372253117192081e-05,1.9796492061606682e-05,3.4945754979413457e-06,0.00011213702419057175
POST_HOC_EXPLORATORY_ORBITAL_MULTIPLICITY,MONTE_CARLO_REPRODUCTION,26,40,0,0,0,3.8904851009875286e-05,0,0,7.6041626280201757e-05
POST_HOC_EXPLORATORY_ORBITAL_MULTIPLICITY,MONTE_CARLO_REPRODUCTION,26,41,0,0,0,3.8904851009875286e-05,0,0,7.6041626280201757e-05
POST_HOC_EXPLORATORY_ORBITAL_MULTIPLICITY,MONTE_CARLO_REPRODUCTION,26,42,0,0,0,3.8904851009875286e-05,0,0,7.6041626280201757e-05
POST_HOC_EXPLORATORY_ORBITAL_MULTIPLICITY,MONTE_CARLO_REPRODUCTION,26,43,0,0,0,3.8904851009875286e-05,0,0,7.6041626280201757e-05
POST_HOC_EXPLORATORY_ORBITAL_MULTIPLICITY,MONTE_CARLO_REPRODUCTION,26,44,0,0,0,3.8904851009875286e-05,0,0,7.6041626280201757e-05
POST_HOC_EXPLORATORY_ORBITAL_MULTIPLICITY,MONTE_CARLO_REPRODUCTION,26,45,0,0,0,3.8904851009875286e-05,0,0,7.6041626280201757e-05
POST_HOC_EXPLORATORY_ORBITAL_MULTIPLICITY,MONTE_CARLO_REPRODUCTION,26,46,1,1.0128018149408524e-05,1.7878461334259877e-06,5.7372253117192081e-05,1.9796492061606682e-05,3.4945754979413457e-06,0.00011213702419057175
POST_HOC_EXPLORATORY_ORBITAL_MULTIPLICITY,MONTE_CARLO_REPRODUCTION,28,1,49302,0.4954626307696946,0.49235635130740735,0.49856926054792322,NA,NA,NA
POST_HOC_EXPLORATORY_ORBITAL_MULTIPLICITY,MONTE_CARLO_REPRODUCTION,28,2,28588,0.28729637110957018,0.28449310672392819,0.29011605767031218,0.56942535604023503,0.56508891707968334,0.5737511715871173
POST_HOC_EXPLORATORY_ORBITAL_MULTIPLICITY,MONTE_CARLO_REPRODUCTION,28,3,7333,0.073693308008481812,0.072086360819233933,0.075333168990403224,0.14606114928791952,0.14299896219200844,0.1491774958298783
POST_HOC_EXPLORATORY_ORBITAL_MULTIPLICITY,MONTE_CARLO_REPRODUCTION,28,4,7289,0.073251128061342416,0.071648688805374533,0.074886515249300373,0.14518474255552236,0.14213032339163259,0.14829345527253243
POST_HOC_EXPLORATORY_ORBITAL_MULTIPLICITY,MONTE_CARLO_REPRODUCTION,28,5,1528,0.015355703618840885,0.014610193921035514,0.016138631171423473,0.030435215615974506,0.028968142797143319,0.031974140870769135
POST_HOC_EXPLORATORY_ORBITAL_MULTIPLICITY,MONTE_CARLO_REPRODUCTION,28,6,2453,0.024651532053021397,0.023706289398435582,0.025633474860843358,0.048859675331142313,0.047008249931934927,0.050780133869901066
POST_HOC_EXPLORATORY_ORBITAL_MULTIPLICITY,MONTE_CARLO_REPRODUCTION,28,7,521,0.0052358125559005897,0.0048061061716822831,0.0057037181197089363,0.0103774524449756,0.0095277048970542292,0.011302121652089546
POST_HOC_EXPLORATORY_ORBITAL_MULTIPLICITY,MONTE_CARLO_REPRODUCTION,28,8,1046,0.010511823288813853,0.0098967761734441839,0.011164662239655657,0.020834578229260034,0.019621367723745561,0.022121110252760239
POST_HOC_EXPLORATORY_ORBITAL_MULTIPLICITY,MONTE_CARLO_REPRODUCTION,28,9,312,0.003135457806988453,0.0028067480074745986,0.0035025289478459506,0.0062145204660890348,0.0055638646274617058,0.0069407349725036666
POST_HOC_EXPLORATORY_ORBITAL_MULTIPLICITY,MONTE_CARLO_REPRODUCTION,28,10,329,0.0033063000592923109,0.0029682905160837813,0.0036826577536539988,0.0065531321581515783,0.0058841202025305059,0.0072976509674637334
POST_HOC_EXPLORATORY_ORBITAL_MULTIPLICITY,MONTE_CARLO_REPRODUCTION,28,11,94,0.00094465715979780314,0.00077207950359174269,0.0011557653021431321,0.0018723234737575939,0.0015303889573155356,0.0022904810975737989
POST_HOC_EXPLORATORY_ORBITAL_MULTIPLICITY,MONTE_CARLO_REPRODUCTION,28,12,280,0.0028138723908870734,0.0025033871243461082,0.0031627438273655346,0.0055771337516183645,0.0049624624265036943,0.006267461276936755
POST_HOC_EXPLORATORY_ORBITAL_MULTIPLICITY,MONTE_CARLO_REPRODUCTION,28,13,52,0.0005225763011647422,0.00039855931003996434,0.00068515636595822111,0.0010357534110148391,0.00078999168273355294,0.0013578662579668197
POST_HOC_EXPLORATORY_ORBITAL_MULTIPLICITY,MONTE_CARLO_REPRODUCTION,28,14,95,0.00095470670405097132,0.00078112215424412201,0.0011668209641035312,0.0018922418085848022,0.0015483137429983676,0.0023123899336573704
POST_HOC_EXPLORATORY_ORBITAL_MULTIPLICITY,MONTE_CARLO_REPRODUCTION,28,15,45,0.00045222949139256537,0.00033801620604097352,0.00060501128166776368,0.00089632506722438004,0.00066998492401354676,0.0011990376643219989
POST_HOC_EXPLORATORY_ORBITAL_MULTIPLICITY,MONTE_CARLO_REPRODUCTION,28,16,79,0.00079391399600028142,0.00063713155031201773,0.00098923856623118231,0.0015735484513494673,0.001262890134943928,0.0019604755934493488
POST_HOC_EXPLORATORY_ORBITAL_MULTIPLICITY,MONTE_CARLO_REPRODUCTION,28,17,17,0.00017084225230385802,0.00010667318344121881,0.00027360155110972534,0.00033861169206254356,0.00021143283787850394,0.00054224834099773434
POST_HOC_EXPLORATORY_ORBITAL_MULTIPLICITY,MONTE_CARLO_REPRODUCTION,28,18,38,0.0003818826816203885,0.00027825368234771772,0.00052408561707157112,0.00075689672343392091,0.00055152629010946747,0.0010386609458612514
POST_HOC_EXPLORATORY_ORBITAL_MULTIPLICITY,MONTE_CARLO_REPRODUCTION,28,19,13,0.00013064407529118555,7.6353986474493406e-05,0.00022352749762533745,0.00025893835275370977,0.00015133762707102583,0.000443009064739597
POST_HOC_EXPLORATORY_ORBITAL_MULTIPLICITY,MONTE_CARLO_REPRODUCTION,28,20,23,0.00023113951782286672,0.0001540324858642333,0.00034683212436338075,0.00045812170102579424,0.00030530375104542912,0.0006873791584292322
POST_HOC_EXPLORATORY_ORBITAL_MULTIPLICITY,MONTE_CARLO_REPRODUCTION,28,21,9,9.0445898278513075e-05,4.7586040471357495e-05,0.00017190219317736005,0.000179265013444876,9.4317554883413399e-05,0.00034069464986159401
POST_HOC_EXPLORATORY_ORBITAL_MULTIPLICITY,MONTE_CARLO_REPRODUCTION,28,22,15,0.00015074316379752177,9.1358333493091204e-05,0.0002487197758322963,0.00029877502240812666,0.00018107745798744035,0.00049293647735599016
POST_HOC_EXPLORATORY_ORBITAL_MULTIPLICITY,MONTE_CARLO_REPRODUCTION,28,23,3,3.0148632759504356e-05,1.0253307604980799e-05,8.8645050367066816e-05,5.9755004481625337e-05,2.0322297356543834e-05,0.00017568817679004047
POST_HOC_EXPLORATORY_ORBITAL_MULTIPLICITY,MONTE_CARLO_REPRODUCTION,28,24,18,0.00018089179655702615,0.00011443067633411259,0.00028594237082960993,0.00035853002688975201,0.00022680890999996473,0.00056670589064267737
POST_HOC_EXPLORATORY_ORBITAL_MULTIPLICITY,MONTE_CARLO_REPRODUCTION,28,25,2,2.0099088506336237e-05,5.5119123291964107e-06,7.3288133030072872e-05,3.9836669654416889e-05,1.0924719670884862e-05,0.0001452521327092956
POST_HOC_EXPLORATORY_ORBITAL_MULTIPLICITY,MONTE_CARLO_REPRODUCTION,28,26,2,2.0099088506336237e-05,5.5119123291964107e-06,7.3288133030072872e-05,3.9836669654416889e-05,1.0924719670884862e-05,0.0001452521327092956
POST_HOC_EXPLORATORY_ORBITAL_MULTIPLICITY,MONTE_CARLO_REPRODUCTION,28,27,3,3.0148632759504356e-05,1.0253307604980799e-05,8.8645050367066816e-05,5.9755004481625337e-05,2.0322297356543834e-05,0.00017568817679004047
POST_HOC_EXPLORATORY_ORBITAL_MULTIPLICITY,MONTE_CARLO_REPRODUCTION,28,28,5,5.0247721265840593e-05,2.146300800498656e-05,0.0001176319751926177,9.9591674136042225e-05,4.2540336764668448e-05,0.00023313738091472361
POST_HOC_EXPLORATORY_ORBITAL_MULTIPLICITY,MONTE_CARLO_REPRODUCTION,28,29,0,0,0,3.860342013371264e-05,0,0,7.6509608847372782e-05
POST_HOC_EXPLORATORY_ORBITAL_MULTIPLICITY,MONTE_CARLO_REPRODUCTION,28,30,4,4.0198177012672475e-05,1.5632393533009086e-05,0.00010336427705181684,7.9673339308833778e-05,3.0983828119273999e-05,0.00020486026779371417
POST_HOC_EXPLORATORY_ORBITAL_MULTIPLICITY,MONTE_CARLO_REPRODUCTION,28,31,0,0,0,3.860342013371264e-05,0,0,7.6509608847372782e-05
POST_HOC_EXPLORATORY_ORBITAL_MULTIPLICITY,MONTE_CARLO_REPRODUCTION,28,32,4,4.0198177012672475e-05,1.5632393533009086e-05,0.00010336427705181684,7.9673339308833778e-05,3.0983828119273999e-05,0.00020486026779371417
POST_HOC_EXPLORATORY_ORBITAL_MULTIPLICITY,MONTE_CARLO_REPRODUCTION,28,33,0,0,0,3.860342013371264e-05,0,0,7.6509608847372782e-05
POST_HOC_EXPLORATORY_ORBITAL_MULTIPLICITY,MONTE_CARLO_REPRODUCTION,28,34,1,1.0049544253168119e-05,1.7739935292834426e-06,5.6927739217207526e-05,1.9918334827208444e-05,3.5160838434508909e-06,0.00011282714677032573
POST_HOC_EXPLORATORY_ORBITAL_MULTIPLICITY,MONTE_CARLO_REPRODUCTION,28,35,0,0,0,3.860342013371264e-05,0,0,7.6509608847372782e-05
POST_HOC_EXPLORATORY_ORBITAL_MULTIPLICITY,MONTE_CARLO_REPRODUCTION,28,36,2,2.0099088506336237e-05,5.5119123291964107e-06,7.3288133030072872e-05,3.9836669654416889e-05,1.0924719670884862e-05,0.0001452521327092956
POST_HOC_EXPLORATORY_ORBITAL_MULTIPLICITY,MONTE_CARLO_REPRODUCTION,28,37,0,0,0,3.860342013371264e-05,0,0,7.6509608847372782e-05
POST_HOC_EXPLORATORY_ORBITAL_MULTIPLICITY,MONTE_CARLO_REPRODUCTION,28,38,1,1.0049544253168119e-05,1.7739935292834426e-06,5.6927739217207526e-05,1.9918334827208444e-05,3.5160838434508909e-06,0.00011282714677032573
POST_HOC_EXPLORATORY_ORBITAL_MULTIPLICITY,MONTE_CARLO_REPRODUCTION,28,39,1,1.0049544253168119e-05,1.7739935292834426e-06,5.6927739217207526e-05,1.9918334827208444e-05,3.5160838434508909e-06,0.00011282714677032573
POST_HOC_EXPLORATORY_ORBITAL_MULTIPLICITY,MONTE_CARLO_REPRODUCTION,30,1,50490,0.50578005729970144,0.50267842700922793,0.50888124275620994,NA,NA,NA
POST_HOC_EXPLORATORY_ORBITAL_MULTIPLICITY,MONTE_CARLO_REPRODUCTION,30,2,28701,0.28751026786608697,0.28471084129791063,0.29032604767180997,0.58174558131992871,0.57738673973075394,0.58609169395517369
POST_HOC_EXPLORATORY_ORBITAL_MULTIPLICITY,MONTE_CARLO_REPRODUCTION,30,3,7167,0.07179492316630938,0.070209964008917131,0.073412837042359513,0.14526917463920869,0.14218745616503903,0.14840612976666961
POST_HOC_EXPLORATORY_ORBITAL_MULTIPLICITY,MONTE_CARLO_REPRODUCTION,30,4,6918,0.069300583014445138,0.067741668368649269,0.070892644343642855,0.14022215015404574,0.13718630221960745,0.14331402063553392
POST_HOC_EXPLORATORY_ORBITAL_MULTIPLICITY,MONTE_CARLO_REPRODUCTION,30,5,1451,0.014535291407048264,0.013811316030887139,0.015296628210608414,0.029410572401491811,0.027955963222674015,0.030938459071850898
POST_HOC_EXPLORATORY_ORBITAL_MULTIPLICITY,MONTE_CARLO_REPRODUCTION,30,6,2306,0.023100194338148378,0.022186504670973696,0.024050586276673509,0.046740716718015239,0.044913145568967583,0.048638866807746275
POST_HOC_EXPLORATORY_ORBITAL_MULTIPLICITY,MONTE_CARLO_REPRODUCTION,30,7,442,0.0044277042053172521,0.0040344783177561306,0.0048590694015089976,0.0089589751905302419,0.0081649005798140346,0.0098295118984200406
POST_HOC_EXPLORATORY_ORBITAL_MULTIPLICITY,MONTE_CARLO_REPRODUCTION,30,8,990,0.0099172560254843431,0.0093211447597635125,0.01055108412321051,0.020066482892816605,0.018865961866471968,0.021341736418825915
POST_HOC_EXPLORATORY_ORBITAL_MULTIPLICITY,MONTE_CARLO_REPRODUCTION,30,9,312,0.0031254382625768838,0.0027977774827949724,0.003491338573546512,0.0063239824874331118,0.0056618968875797159,0.0070629404904384938
POST_HOC_EXPLORATORY_ORBITAL_MULTIPLICITY,MONTE_CARLO_REPRODUCTION,30,10,296,0.0029651593773165306,0.0026464584249404652,0.0033221121959642638,0.0059996756932057726,0.0053556458955972934,0.0067206283931635791
POST_HOC_EXPLORATORY_ORBITAL_MULTIPLICITY,MONTE_CARLO_REPRODUCTION,30,11,92,0.00092160359024702986,0.00075160060506301786,0.0011300157140230718,0.0018647640668071996,0.0015209006065713645,0.0022861942941584572
POST_HOC_EXPLORATORY_ORBITAL_MULTIPLICITY,MONTE_CARLO_REPRODUCTION,30,12,275,0.0027547933404123174,0.0024482300889348118,0.0030996246479591746,0.0055740230257823901,0.0049544596330947602,0.0062705756010158573
POST_HOC_EXPLORATORY_ORBITAL_MULTIPLICITY,MONTE_CARLO_REPRODUCTION,30,13,50,0.00050087151643860321,0.00037997320948335083,0.00066021134158125456,0.0010134587319604346,0.00076887529027047023,0.0013357415011588413
POST_HOC_EXPLORATORY_ORBITAL_MULTIPLICITY,MONTE_CARLO_REPRODUCTION,30,14,90,0.00090156872958948567,0.0007336110630700866,0.0011079370765864087,0.0018242257175287823,0.0014844963458024271,0.0022415281687702278
POST_HOC_EXPLORATORY_ORBITAL_MULTIPLICITY,MONTE_CARLO_REPRODUCTION,30,15,42,0.00042073207380842665,0.00031129923300804083,0.00056861260033818641,0.00085130533484676502,0.00062990996396164694,0.0011504252828389958
POST_HOC_EXPLORATORY_ORBITAL_MULTIPLICITY,MONTE_CARLO_REPRODUCTION,30,16,56,0.00056097609841123557,0.00043206069933194127,0.00072832839002144752,0.0011350737797956867,0.00087427778628972356,0.0014735501636110892
POST_HOC_EXPLORATORY_ORBITAL_MULTIPLICITY,MONTE_CARLO_REPRODUCTION,30,17,9,9.0156872958948572e-05,4.7433974170962422e-05,0.00017135289858695552,0.00018242257175287823,9.5978905582386729e-05,0.00034669496962499774
POST_HOC_EXPLORATORY_ORBITAL_MULTIPLICITY,MONTE_CARLO_REPRODUCTION,30,18,34,0.00034059263117825015,0.00024375389713600625,0.00047588521849184295,0.00068915193773309554,0.00049322974858719069,0.00096282395358478342
POST_HOC_EXPLORATORY_ORBITAL_MULTIPLICITY,MONTE_CARLO_REPRODUCTION,30,19,9,9.0156872958948572e-05,4.7433974170962422e-05,0.00017135289858695552,0.00018242257175287823,9.5978905582386729e-05,0.00034669496962499774
POST_HOC_EXPLORATORY_ORBITAL_MULTIPLICITY,MONTE_CARLO_REPRODUCTION,30,20,28,0.00028048804920561779,0.00019407669636040803,0.00040535788097865766,0.00056753688989784334,0.000392707174993554,0.00082013536870691845
POST_HOC_EXPLORATORY_ORBITAL_MULTIPLICITY,MONTE_CARLO_REPRODUCTION,30,21,10,0.00010017430328772063,5.4415418860966419e-05,0.00018440554361174878,0.0002026917463920869,0.00011010546364719826,0.00037310360463876973
POST_HOC_EXPLORATORY_ORBITAL_MULTIPLICITY,MONTE_CARLO_REPRODUCTION,30,22,8,8.0139442630176503e-05,4.0609189287157207e-05,0.00015814359375596347,0.00016215339711366953,8.2169371027949811e-05,0.00031996931110085105
POST_HOC_EXPLORATORY_ORBITAL_MULTIPLICITY,MONTE_CARLO_REPRODUCTION,30,23,2,2.0034860657544126e-05,5.4942986259985075e-06,7.3053946128338659e-05,4.0538349278417384e-05,1.1117147948570342e-05,0.000147810375708729
POST_HOC_EXPLORATORY_ORBITAL_MULTIPLICITY,MONTE_CARLO_REPRODUCTION,30,24,13,0.00013022659427403682,7.6109987837505479e-05,0.00022281324377960147,0.00026349927030971297,0.0001540033825168696,0.00045081126500484908
POST_HOC_EXPLORATORY_ORBITAL_MULTIPLICITY,MONTE_CARLO_REPRODUCTION,30,25,4,4.0069721315088251e-05,1.5582438934721382e-05,0.0001030339852492103,8.1076698556834767e-05,3.1529582136328131e-05,0.00020846832767813838
POST_HOC_EXPLORATORY_ORBITAL_MULTIPLICITY,MONTE_CARLO_REPRODUCTION,30,26,6,6.0104581972632384e-05,2.7546750902605561e-05,0.00013113785271092062,0.00012161504783525215,5.5738421289816659e-05,0.00026532987468181701
POST_HOC_EXPLORATORY_ORBITAL_MULTIPLICITY,MONTE_CARLO_REPRODUCTION,30,27,2,2.0034860657544126e-05,5.4942986259985075e-06,7.3053946128338659e-05,4.0538349278417384e-05,1.1117147948570342e-05,0.000147810375708729
POST_HOC_EXPLORATORY_ORBITAL_MULTIPLICITY,MONTE_CARLO_REPRODUCTION,30,28,5,5.0087151643860314e-05,2.1394421080207905e-05,0.00011725609281852103,0.00010134587319604345,4.3289651566179928e-05,0.00023724345132687018
POST_HOC_EXPLORATORY_ORBITAL_MULTIPLICITY,MONTE_CARLO_REPRODUCTION,30,29,1,1.0017430328772063e-05,1.7683246190170111e-06,5.6745830420522914e-05,2.0269174639208692e-05,3.5780159926305312e-06,0.00011481431458608522
POST_HOC_EXPLORATORY_ORBITAL_MULTIPLICITY,MONTE_CARLO_REPRODUCTION,30,30,1,1.0017430328772063e-05,1.7683246190170111e-06,5.6745830420522914e-05,2.0269174639208692e-05,3.5780159926305312e-06,0.00011481431458608522
POST_HOC_EXPLORATORY_ORBITAL_MULTIPLICITY,MONTE_CARLO_REPRODUCTION,30,31,0,0,0,3.8480065324742676e-05,0,0,7.7857137500132181e-05
POST_HOC_EXPLORATORY_ORBITAL_MULTIPLICITY,MONTE_CARLO_REPRODUCTION,30,32,4,4.0069721315088251e-05,1.5582438934721382e-05,0.0001030339852492103,8.1076698556834767e-05,3.1529582136328131e-05,0.00020846832767813838
POST_HOC_EXPLORATORY_ORBITAL_MULTIPLICITY,MONTE_CARLO_REPRODUCTION,30,33,2,2.0034860657544126e-05,5.4942986259985075e-06,7.3053946128338659e-05,4.0538349278417384e-05,1.1117147948570342e-05,0.000147810375708729
POST_HOC_EXPLORATORY_ORBITAL_MULTIPLICITY,MONTE_CARLO_REPRODUCTION,30,34,2,2.0034860657544126e-05,5.4942986259985075e-06,7.3053946128338659e-05,4.0538349278417384e-05,1.1117147948570342e-05,0.000147810375708729
POST_HOC_EXPLORATORY_ORBITAL_MULTIPLICITY,MONTE_CARLO_REPRODUCTION,30,35,1,1.0017430328772063e-05,1.7683246190170111e-06,5.6745830420522914e-05,2.0269174639208692e-05,3.5780159926305312e-06,0.00011481431458608522
POST_HOC_EXPLORATORY_ORBITAL_MULTIPLICITY,MONTE_CARLO_REPRODUCTION,30,36,5,5.0087151643860314e-05,2.1394421080207905e-05,0.00011725609281852103,0.00010134587319604345,4.3289651566179928e-05,0.00023724345132687018
POST_HOC_EXPLORATORY_ORBITAL_MULTIPLICITY,MONTE_CARLO_REPRODUCTION,30,37,0,0,0,3.8480065324742676e-05,0,0,7.7857137500132181e-05
POST_HOC_EXPLORATORY_ORBITAL_MULTIPLICITY,MONTE_CARLO_REPRODUCTION,30,38,0,0,0,3.8480065324742676e-05,0,0,7.7857137500132181e-05
POST_HOC_EXPLORATORY_ORBITAL_MULTIPLICITY,MONTE_CARLO_REPRODUCTION,30,39,0,0,0,3.8480065324742676e-05,0,0,7.7857137500132181e-05
POST_HOC_EXPLORATORY_ORBITAL_MULTIPLICITY,MONTE_CARLO_REPRODUCTION,30,40,1,1.0017430328772063e-05,1.7683246190170111e-06,5.6745830420522914e-05,2.0269174639208692e-05,3.5780159926305312e-06,0.00011481431458608522
POST_HOC_EXPLORATORY_ORBITAL_MULTIPLICITY,MONTE_CARLO_REPRODUCTION,30,41,0,0,0,3.8480065324742676e-05,0,0,7.7857137500132181e-05
POST_HOC_EXPLORATORY_ORBITAL_MULTIPLICITY,MONTE_CARLO_REPRODUCTION,30,42,0,0,0,3.8480065324742676e-05,0,0,7.7857137500132181e-05
POST_HOC_EXPLORATORY_ORBITAL_MULTIPLICITY,MONTE_CARLO_REPRODUCTION,30,43,0,0,0,3.8480065324742676e-05,0,0,7.7857137500132181e-05
POST_HOC_EXPLORATORY_ORBITAL_MULTIPLICITY,MONTE_CARLO_REPRODUCTION,30,44,0,0,0,3.8480065324742676e-05,0,0,7.7857137500132181e-05
POST_HOC_EXPLORATORY_ORBITAL_MULTIPLICITY,MONTE_CARLO_REPRODUCTION,30,45,0,0,0,3.8480065324742676e-05,0,0,7.7857137500132181e-05
POST_HOC_EXPLORATORY_ORBITAL_MULTIPLICITY,MONTE_CARLO_REPRODUCTION,30,46,0,0,0,3.8480065324742676e-05,0,0,7.7857137500132181e-05
POST_HOC_EXPLORATORY_ORBITAL_MULTIPLICITY,MONTE_CARLO_REPRODUCTION,30,47,0,0,0,3.8480065324742676e-05,0,0,7.7857137500132181e-05
POST_HOC_EXPLORATORY_ORBITAL_MULTIPLICITY,MONTE_CARLO_REPRODUCTION,30,48,0,0,0,3.8480065324742676e-05,0,0,7.7857137500132181e-05
POST_HOC_EXPLORATORY_ORBITAL_MULTIPLICITY,MONTE_CARLO_REPRODUCTION,30,49,0,0,0,3.8480065324742676e-05,0,0,7.7857137500132181e-05
POST_HOC_EXPLORATORY_ORBITAL_MULTIPLICITY,MONTE_CARLO_REPRODUCTION,30,50,0,0,0,3.8480065324742676e-05,0,0,7.7857137500132181e-05
POST_HOC_EXPLORATORY_ORBITAL_MULTIPLICITY,MONTE_CARLO_REPRODUCTION,30,51,0,0,0,3.8480065324742676e-05,0,0,7.7857137500132181e-05
POST_HOC_EXPLORATORY_ORBITAL_MULTIPLICITY,MONTE_CARLO_REPRODUCTION,30,52,0,0,0,3.8480065324742676e-05,0,0,7.7857137500132181e-05
POST_HOC_EXPLORATORY_ORBITAL_MULTIPLICITY,MONTE_CARLO_REPRODUCTION,30,53,0,0,0,3.8480065324742676e-05,0,0,7.7857137500132181e-05
POST_HOC_EXPLORATORY_ORBITAL_MULTIPLICITY,MONTE_CARLO_REPRODUCTION,30,54,0,0,0,3.8480065324742676e-05,0,0,7.7857137500132181e-05
POST_HOC_EXPLORATORY_ORBITAL_MULTIPLICITY,MONTE_CARLO_REPRODUCTION,30,55,0,0,0,3.8480065324742676e-05,0,0,7.7857137500132181e-05
POST_HOC_EXPLORATORY_ORBITAL_MULTIPLICITY,MONTE_CARLO_REPRODUCTION,30,56,0,0,0,3.8480065324742676e-05,0,0,7.7857137500132181e-05
POST_HOC_EXPLORATORY_ORBITAL_MULTIPLICITY,MONTE_CARLO_REPRODUCTION,30,57,0,0,0,3.8480065324742676e-05,0,0,7.7857137500132181e-05
POST_HOC_EXPLORATORY_ORBITAL_MULTIPLICITY,MONTE_CARLO_REPRODUCTION,30,58,0,0,0,3.8480065324742676e-05,0,0,7.7857137500132181e-05
POST_HOC_EXPLORATORY_ORBITAL_MULTIPLICITY,MONTE_CARLO_REPRODUCTION,30,59,0,0,0,3.8480065324742676e-05,0,0,7.7857137500132181e-05
POST_HOC_EXPLORATORY_ORBITAL_MULTIPLICITY,MONTE_CARLO_REPRODUCTION,30,60,0,0,0,3.8480065324742676e-05,0,0,7.7857137500132181e-05
POST_HOC_EXPLORATORY_ORBITAL_MULTIPLICITY,MONTE_CARLO_REPRODUCTION,30,61,1,1.0017430328772063e-05,1.7683246190170111e-06,5.6745830420522914e-05,2.0269174639208692e-05,3.5780159926305312e-06,0.00011481431458608522
POST_HOC_EXPLORATORY_ORBITAL_MULTIPLICITY,MONTE_CARLO_REPRODUCTION,32,1,51525,0.51559028959113018,0.5124912588073669,0.51868812184079283,NA,NA,NA
POST_HOC_EXPLORATORY_ORBITAL_MULTIPLICITY,MONTE_CARLO_REPRODUCTION,32,2,28516,0.28534832989773251,0.28255682681639538,0.28815633474735791,0.58906401702162825,0.58467430085487038,0.59343959909736876
POST_HOC_EXPLORATORY_ORBITAL_MULTIPLICITY,MONTE_CARLO_REPRODUCTION,32,3,6958,0.06962595312906518,0.068064443931159041,0.071220548176223558,0.14373360325559298,0.1406367343981611,0.14688701011620958
POST_HOC_EXPLORATORY_ORBITAL_MULTIPLICITY,MONTE_CARLO_REPRODUCTION,32,4,6896,0.069005543658814825,0.067450580055407092,0.070593640806670091,0.14245284967671301,0.13936770926489406,0.14559473134201079
POST_HOC_EXPLORATORY_ORBITAL_MULTIPLICITY,MONTE_CARLO_REPRODUCTION,32,5,1295,0.012958552644745531,0.012275844655789549,0.013678702900548099,0.02675122394596046,0.025350971104409165,0.028226579410302519
POST_HOC_EXPLORATORY_ORBITAL_MULTIPLICITY,MONTE_CARLO_REPRODUCTION,32,6,2196,0.021974503172093582,0.021083788630210598,0.022901966861936962,0.04536346547129666,0.043545486853471572,0.047253593026186751
POST_HOC_EXPLORATORY_ORBITAL_MULTIPLICITY,MONTE_CARLO_REPRODUCTION,32,7,456,0.0045630115876478475,0.0041637761341242101,0.005000334731708988,0.0094197359995042244,0.0085973198645143065,0.010320005192716562
POST_HOC_EXPLORATORY_ORBITAL_MULTIPLICITY,MONTE_CARLO_REPRODUCTION,32,8,850,0.0085056137050453298,0.0079548403639099364,0.0090941716414450185,0.017558718420128488,0.016426422464483753,0.018767575811158843
POST_HOC_EXPLORATORY_ORBITAL_MULTIPLICITY,MONTE_CARLO_REPRODUCTION,32,9,248,0.0024816378810014611,0.0021916996211925233,0.0028098238410352804,0.0051230143155198415,0.0045251318659793134,0.0057994316952372392
POST_HOC_EXPLORATORY_ORBITAL_MULTIPLICITY,MONTE_CARLO_REPRODUCTION,32,10,308,0.0030820341425340726,0.002756942488902593,0.0034453273397498435,0.0063624532628230287,0.0056922778554632002,0.007110966906526712
POST_HOC_EXPLORATORY_ORBITAL_MULTIPLICITY,MONTE_CARLO_REPRODUCTION,32,11,81,0.00081053495306902552,0.00065224441325260755,0.0010072016624266332,0.0016732425788593031,0.0013465738774565022,0.0020789936749408639
POST_HOC_EXPLORATORY_ORBITAL_MULTIPLICITY,MONTE_CARLO_REPRODUCTION,32,12,263,0.0026317369463846139,0.0023326424482884699,0.0029690676055454919,0.0054328740523456381,0.0048161555920896533,0.0061280782693202392
POST_HOC_EXPLORATORY_ORBITAL_MULTIPLICITY,MONTE_CARLO_REPRODUCTION,32,13,36,0.00036023775691956691,0.00026023387601142189,0.00049865242484934411,0.00074366336838191242,0.00053724253061725408,0.0010293141212000916
POST_HOC_EXPLORATORY_ORBITAL_MULTIPLICITY,MONTE_CARLO_REPRODUCTION,32,14,73,0.0007304821181980107,0.00058107193729611893,0.00091827462285983756,0.0015079840525522115,0.001199631018702821,0.0018954457069247639
POST_HOC_EXPLORATORY_ORBITAL_MULTIPLICITY,MONTE_CARLO_REPRODUCTION,32,15,34,0.00034022454820181318,0.00024349045843181206,0.00047537096354813275,0.00070234873680513957,0.0005026755558334478,0.00098125838929145263
POST_HOC_EXPLORATORY_ORBITAL_MULTIPLICITY,MONTE_CARLO_REPRODUCTION,32,16,66,0.00066043588768587263,0.00051919972476024002,0.00084005975931284241,0.0013633828420335061,0.0010718903737074359,0.0017340068784965899
POST_HOC_EXPLORATORY_ORBITAL_MULTIPLICITY,MONTE_CARLO_REPRODUCTION,32,17,13,0.00013008585666539915,7.6027733123323831e-05,0.00022257246060799942,0.00026854510524902393,0.00015695256579309591,0.00045944295906112827
POST_HOC_EXPLORATORY_ORBITAL_MULTIPLICITY,MONTE_CARLO_REPRODUCTION,32,18,38,0.00038025096563732065,0.00027706470270386487,0.00052184647703772211,0.00078497799995868537,0.00057199005108235154,0.0010771893074274395
POST_HOC_EXPLORATORY_ORBITAL_MULTIPLICITY,MONTE_CARLO_REPRODUCTION,32,19,7,7.004623051213801e-05,3.3931432799583428e-05,0.00014459412428927649,0.0001446012105187052,7.0047849457281644e-05,0.00029847955531960647
POST_HOC_EXPLORATORY_ORBITAL_MULTIPLICITY,MONTE_CARLO_REPRODUCTION,32,20,19,0.00019012548281866032,0.00012172552305602558,0.00029694930731776099,0.00039248899997934268,0.00025129344091363138,0.00061297020401792886
POST_HOC_EXPLORATORY_ORBITAL_MULTIPLICITY,MONTE_CARLO_REPRODUCTION,32,21,12,0.0001200792523065223,6.869421977228528e-05,0.00020989353451862739,0.00024788778946063751,0.00014181298531065609,0.0004332711861973454
POST_HOC_EXPLORATORY_ORBITAL_MULTIPLICITY,MONTE_CARLO_REPRODUCTION,32,22,12,0.0001200792523065223,6.869421977228528e-05,0.00020989353451862739,0.00024788778946063751,0.00014181298531065609,0.0004332711861973454
POST_HOC_EXPLORATORY_ORBITAL_MULTIPLICITY,MONTE_CARLO_REPRODUCTION,32,23,2,2.0013208717753719e-05,5.4883608459983647e-06,7.2974999040808803e-05,4.1314631576772913e-05,1.1330035276413641e-05,0.00015064060276936115
POST_HOC_EXPLORATORY_ORBITAL_MULTIPLICITY,MONTE_CARLO_REPRODUCTION,32,24,7,7.004623051213801e-05,3.3931432799583428e-05,0.00014459412428927649,0.0001446012105187052,7.0047849457281644e-05,0.00029847955531960647
POST_HOC_EXPLORATORY_ORBITAL_MULTIPLICITY,MONTE_CARLO_REPRODUCTION,32,25,2,2.0013208717753719e-05,5.4883608459983647e-06,7.2974999040808803e-05,4.1314631576772913e-05,1.1330035276413641e-05,0.00015064060276936115
POST_HOC_EXPLORATORY_ORBITAL_MULTIPLICITY,MONTE_CARLO_REPRODUCTION,32,26,4,4.0026417435507438e-05,1.5565598670833824e-05,0.00010292264009679444,8.2629263153545827e-05,3.2133361101116184e-05,0.00021245998363710392
POST_HOC_EXPLORATORY_ORBITAL_MULTIPLICITY,MONTE_CARLO_REPRODUCTION,32,27,3,3.0019813076630575e-05,1.0209496846290777e-05,8.8266302480926941e-05,6.1971947365159377e-05,2.107627337077369e-05,0.00018220571802122376
POST_HOC_EXPLORATORY_ORBITAL_MULTIPLICITY,MONTE_CARLO_REPRODUCTION,32,28,1,1.0006604358876859e-05,1.7664135647714956e-06,5.6684506881625121e-05,2.0657315788386457e-05,3.6465327827046309e-06,0.00011701275191684747
POST_HOC_EXPLORATORY_ORBITAL_MULTIPLICITY,MONTE_CARLO_REPRODUCTION,32,29,2,2.0013208717753719e-05,5.4883608459983647e-06,7.2974999040808803e-05,4.1314631576772913e-05,1.1330035276413641e-05,0.00015064060276936115
POST_HOC_EXPLORATORY_ORBITAL_MULTIPLICITY,MONTE_CARLO_REPRODUCTION,32,30,2,2.0013208717753719e-05,5.4883608459983647e-06,7.2974999040808803e-05,4.1314631576772913e-05,1.1330035276413641e-05,0.00015064060276936115
POST_HOC_EXPLORATORY_ORBITAL_MULTIPLICITY,MONTE_CARLO_REPRODUCTION,32,31,0,0,0,3.8438481005986059e-05,0,0,7.9347931353329431e-05
POST_HOC_EXPLORATORY_ORBITAL_MULTIPLICITY,MONTE_CARLO_REPRODUCTION,32,32,3,3.0019813076630575e-05,1.0209496846290777e-05,8.8266302480926941e-05,6.1971947365159377e-05,2.107627337077369e-05,0.00018220571802122376
POST_HOC_EXPLORATORY_ORBITAL_MULTIPLICITY,MONTE_CARLO_REPRODUCTION,32,33,0,0,0,3.8438481005986059e-05,0,0,7.9347931353329431e-05
POST_HOC_EXPLORATORY_ORBITAL_MULTIPLICITY,MONTE_CARLO_REPRODUCTION,32,34,3,3.0019813076630575e-05,1.0209496846290777e-05,8.8266302480926941e-05,6.1971947365159377e-05,2.107627337077369e-05,0.00018220571802122376
POST_HOC_EXPLORATORY_ORBITAL_MULTIPLICITY,MONTE_CARLO_REPRODUCTION,32,35,0,0,0,3.8438481005986059e-05,0,0,7.9347931353329431e-05
POST_HOC_EXPLORATORY_ORBITAL_MULTIPLICITY,MONTE_CARLO_REPRODUCTION,32,36,2,2.0013208717753719e-05,5.4883608459983647e-06,7.2974999040808803e-05,4.1314631576772913e-05,1.1330035276413641e-05,0.00015064060276936115
POST_HOC_EXPLORATORY_ORBITAL_MULTIPLICITY,MONTE_CARLO_REPRODUCTION,32,37,0,0,0,3.8438481005986059e-05,0,0,7.9347931353329431e-05
POST_HOC_EXPLORATORY_ORBITAL_MULTIPLICITY,MONTE_CARLO_REPRODUCTION,32,38,0,0,0,3.8438481005986059e-05,0,0,7.9347931353329431e-05
POST_HOC_EXPLORATORY_ORBITAL_MULTIPLICITY,MONTE_CARLO_REPRODUCTION,32,39,0,0,0,3.8438481005986059e-05,0,0,7.9347931353329431e-05
POST_HOC_EXPLORATORY_ORBITAL_MULTIPLICITY,MONTE_CARLO_REPRODUCTION,32,40,1,1.0006604358876859e-05,1.7664135647714956e-06,5.6684506881625121e-05,2.0657315788386457e-05,3.6465327827046309e-06,0.00011701275191684747
POST_HOC_EXPLORATORY_ORBITAL_MULTIPLICITY,MONTE_CARLO_REPRODUCTION,34,1,52575,0.52581309757170858,0.52271713686508692,0.52890707491748978,NA,NA,NA
POST_HOC_EXPLORATORY_ORBITAL_MULTIPLICITY,MONTE_CARLO_REPRODUCTION,34,2,28412,0.284154098491819,0.28136692327006874,0.28695785832947718,0.59924493282433089,0.59482602313945387,0.6036477619221895
POST_HOC_EXPLORATORY_ORBITAL_MULTIPLICITY,MONTE_CARLO_REPRODUCTION,34,3,6902,0.069028283394007281,0.067473494803077252,0.070616185888593294,0.14557188956615275,0.14242609803210624,0.14877510883891995
POST_HOC_EXPLORATORY_ORBITAL_MULTIPLICITY,MONTE_CARLO_REPRODUCTION,34,4,6570,0.065707884946193548,0.064188745204712336,0.067260393715623298,0.13856959061860671,0.1354889812745102,0.14170876227902252
POST_HOC_EXPLORATORY_ORBITAL_MULTIPLICITY,MONTE_CARLO_REPRODUCTION,34,5,1229,0.01229147497699724,0.011627015188960853,0.012993408066615914,0.025921160863054436,0.024528822016761275,0.027390314371913787
POST_HOC_EXPLORATORY_ORBITAL_MULTIPLICITY,MONTE_CARLO_REPRODUCTION,34,6,2032,0.020322438692643118,0.01946610122699528,0.021215632397201849,0.042857444160884148,0.041071117690503839,0.044717841119699162
POST_HOC_EXPLORATORY_ORBITAL_MULTIPLICITY,MONTE_CARLO_REPRODUCTION,34,7,372,0.003720446453574429,0.0033616727063623297,0.0041173520611600791,0.0078459494231539872,0.0070906862647162946,0.00868095595801926
POST_HOC_EXPLORATORY_ORBITAL_MULTIPLICITY,MONTE_CARLO_REPRODUCTION,34,8,804,0.0080409649157898947,0.0075059796858468007,0.0086137500371475818,0.016957374559719907,0.015833739311192883,0.018159276866835397
POST_HOC_EXPLORATORY_ORBITAL_MULTIPLICITY,MONTE_CARLO_REPRODUCTION,34,9,242,0.0024202904348521823,0.0021342466515092613,0.0027445659766350077,0.0051040853774281317,0.0045015263845834923,0.0057868320090130442
POST_HOC_EXPLORATORY_ORBITAL_MULTIPLICITY,MONTE_CARLO_REPRODUCTION,34,10,257,0.0025703084370124413,0.0022750035615736693,0.0029038335441911541,0.0054204543057811147,0.0047984338668123939,0.0061226111224540296
POST_HOC_EXPLORATORY_ORBITAL_MULTIPLICITY,MONTE_CARLO_REPRODUCTION,34,11,73,0.00073008761051326161,0.00058075810001675097,0.00091777874693593602,0.0015396621179845191,0.0012248350636805099,0.0019352543520353052
POST_HOC_EXPLORATORY_ORBITAL_MULTIPLICITY,MONTE_CARLO_REPRODUCTION,34,12,219,0.0021902628315397846,0.0019189975256105824,0.0024997775701821696,0.0046189863539535568,0.0040474923155558685,0.0052707466313468418
POST_HOC_EXPLORATORY_ORBITAL_MULTIPLICITY,MONTE_CARLO_REPRODUCTION,34,13,26,0.00026003120374444935,0.00017746659629757296,0.0003809935541107094,0.00054837280914517121,0.00037426843341068525,0.00080340298253948569
POST_HOC_EXPLORATORY_ORBITAL_MULTIPLICITY,MONTE_CARLO_REPRODUCTION,34,14,67,0.00067008040964915789,0.00052772806613366906,0.00085079898977079608,0.0014131145466433257,0.0011129889828993902,0.0017940257945484701
POST_HOC_EXPLORATORY_ORBITAL_MULTIPLICITY,MONTE_CARLO_REPRODUCTION,34,15,38,0.00038004560547265674,0.00027691506330175747,0.00052156466920296862,0.0008014679518275579,0.00058400688923628311,0.001099813803249797
POST_HOC_EXPLORATORY_ORBITAL_MULTIPLICITY,MONTE_CARLO_REPRODUCTION,34,16,57,0.00057006840820898502,0.00044006963058124078,0.000738441106909521,0.0012022019277413368,0.0009281093269545988,0.0015571143867133376
POST_HOC_EXPLORATORY_ORBITAL_MULTIPLICITY,MONTE_CARLO_REPRODUCTION,34,17,9,9.0010801296155541e-05,4.7357120780373822e-05,0.00017107528832461318,0.00018982135701179001,9.9871786430174583e-05,0.00036075482109412474
POST_HOC_EXPLORATORY_ORBITAL_MULTIPLICITY,MONTE_CARLO_REPRODUCTION,34,18,28,0.00028003360403248392,0.00019376224328280253,0.00040470117080822047,0.00059055533292556894,0.00040863597318505464,0.00085339365552110108
POST_HOC_EXPLORATORY_ORBITAL_MULTIPLICITY,MONTE_CARLO_REPRODUCTION,34,19,6,6.0007200864103694e-05,2.75021193544625e-05,0.00013092539422641361,0.00012654757134119334,5.7999136567117978e-05,0.00027609015182320407
POST_HOC_EXPLORATORY_ORBITAL_MULTIPLICITY,MONTE_CARLO_REPRODUCTION,34,20,23,0.00023002760331239749,0.00015329147794604554,0.00034516377693812582,0.00048509902347457451,0.00032328327681491154,0.00072785082000128198
POST_HOC_EXPLORATORY_ORBITAL_MULTIPLICITY,MONTE_CARLO_REPRODUCTION,34,21,9,9.0010801296155541e-05,4.7357120780373822e-05,0.00017107528832461318,0.00018982135701179001,9.9871786430174583e-05,0.00036075482109412474
POST_HOC_EXPLORATORY_ORBITAL_MULTIPLICITY,MONTE_CARLO_REPRODUCTION,34,22,8,8.0009601152138254e-05,4.0543393631800232e-05,0.00015788738363181647,0.00016873009512159112,8.5502130479139018e-05,0.00033294537066716793
POST_HOC_EXPLORATORY_ORBITAL_MULTIPLICITY,MONTE_CARLO_REPRODUCTION,34,23,1,1.0001200144017282e-05,1.7654595857903611e-06,5.6653894788234177e-05,2.1091261890198891e-05,3.7231353203236295e-06,0.00011947062118003625
POST_HOC_EXPLORATORY_ORBITAL_MULTIPLICITY,MONTE_CARLO_REPRODUCTION,34,24,9,9.0010801296155541e-05,4.7357120780373822e-05,0.00017107528832461318,0.00018982135701179001,9.9871786430174583e-05,0.00036075482109412474
POST_HOC_EXPLORATORY_ORBITAL_MULTIPLICITY,MONTE_CARLO_REPRODUCTION,34,25,0,0,0,3.8417722532654226e-05,0,0,8.1014650122367447e-05
POST_HOC_EXPLORATORY_ORBITAL_MULTIPLICITY,MONTE_CARLO_REPRODUCTION,34,26,4,4.0004800576069127e-05,1.5557192181234238e-05,0.00010286705771690123,8.4365047560795562e-05,3.2808393047909203e-05,0.00021692268258642801
POST_HOC_EXPLORATORY_ORBITAL_MULTIPLICITY,MONTE_CARLO_REPRODUCTION,34,27,6,6.0007200864103694e-05,2.75021193544625e-05,0.00013092539422641361,0.00012654757134119334,5.7999136567117978e-05,0.00027609015182320407
POST_HOC_EXPLORATORY_ORBITAL_MULTIPLICITY,MONTE_CARLO_REPRODUCTION,34,28,3,3.0003600432051847e-05,1.0203983028632884e-05,8.821863502813228e-05,6.3273785670596672e-05,2.1519025163096821e-05,0.00018603294409324793
POST_HOC_EXPLORATORY_ORBITAL_MULTIPLICITY,MONTE_CARLO_REPRODUCTION,34,29,1,1.0001200144017282e-05,1.7654595857903611e-06,5.6653894788234177e-05,2.1091261890198891e-05,3.7231353203236295e-06,0.00011947062118003625
POST_HOC_EXPLORATORY_ORBITAL_MULTIPLICITY,MONTE_CARLO_REPRODUCTION,34,30,3,3.0003600432051847e-05,1.0203983028632884e-05,8.821863502813228e-05,6.3273785670596672e-05,2.1519025163096821e-05,0.00018603294409324793
POST_HOC_EXPLORATORY_ORBITAL_MULTIPLICITY,MONTE_CARLO_REPRODUCTION,34,31,0,0,0,3.8417722532654226e-05,0,0,8.1014650122367447e-05
POST_HOC_EXPLORATORY_ORBITAL_MULTIPLICITY,MONTE_CARLO_REPRODUCTION,34,32,2,2.0002400288034563e-05,5.4853967661923285e-06,7.2935589449202521e-05,4.2182523780397781e-05,1.1568045726900695e-05,0.0001538048171514516
POST_HOC_EXPLORATORY_ORBITAL_MULTIPLICITY,MONTE_CARLO_REPRODUCTION,34,33,0,0,0,3.8417722532654226e-05,0,0,8.1014650122367447e-05
POST_HOC_EXPLORATORY_ORBITAL_MULTIPLICITY,MONTE_CARLO_REPRODUCTION,34,34,0,0,0,3.8417722532654226e-05,0,0,8.1014650122367447e-05
POST_HOC_EXPLORATORY_ORBITAL_MULTIPLICITY,MONTE_CARLO_REPRODUCTION,34,35,0,0,0,3.8417722532654226e-05,0,0,8.1014650122367447e-05
POST_HOC_EXPLORATORY_ORBITAL_MULTIPLICITY,MONTE_CARLO_REPRODUCTION,34,36,1,1.0001200144017282e-05,1.7654595857903611e-06,5.6653894788234177e-05,2.1091261890198891e-05,3.7231353203236295e-06,0.00011947062118003625
POST_HOC_EXPLORATORY_ORBITAL_MULTIPLICITY,MONTE_CARLO_REPRODUCTION,36,1,53305,0.53306599197975935,0.5299725433766288,0.53615690017133522,NA,NA,NA
POST_HOC_EXPLORATORY_ORBITAL_MULTIPLICITY,MONTE_CARLO_REPRODUCTION,36,2,28449,0.28449853495604865,0.28171045092656433,0.28730317564629082,0.60929067077872012,0.60485631550735608,0.61370704433701651
POST_HOC_EXPLORATORY_ORBITAL_MULTIPLICITY,MONTE_CARLO_REPRODUCTION,36,3,6724,0.067242017260517817,0.065706340030699889,0.068810942649966594,0.1440075387646706,0.14085222434255606,0.14722142501406527
POST_HOC_EXPLORATORY_ORBITAL_MULTIPLICITY,MONTE_CARLO_REPRODUCTION,36,4,6261,0.062611878356350695,0.061127055122752551,0.064130305476345073,0.13409149318941146,0.13103082830754456,0.13721236139633439
POST_HOC_EXPLORATORY_ORBITAL_MULTIPLICITY,MONTE_CARLO_REPRODUCTION,36,5,1226,0.012260367811034331,0.011596791901921279,0.012961416039078737,0.026257174676604128,0.024845332944539843,0.027746961831567964
POST_HOC_EXPLORATORY_ORBITAL_MULTIPLICITY,MONTE_CARLO_REPRODUCTION,36,6,2000,0.020000600018000539,0.019151120809801733,0.020886956874468898,0.042833890173905591,0.041034591009964275,0.044708407375695633
POST_HOC_EXPLORATORY_ORBITAL_MULTIPLICITY,MONTE_CARLO_REPRODUCTION,36,7,361,0.0036101083032490976,0.0032569636259580943,0.0040013898861929811,0.0077315171763899593,0.0069765518311103013,0.0085674759911698994
POST_HOC_EXPLORATORY_ORBITAL_MULTIPLICITY,MONTE_CARLO_REPRODUCTION,36,8,691,0.006910207306219187,0.0064153640102555367,0.0074429339660806856,0.014799109055084383,0.013743107986578663,0.015934940754502823
POST_HOC_EXPLORATORY_ORBITAL_MULTIPLICITY,MONTE_CARLO_REPRODUCTION,36,9,230,0.0023000690020700621,0.0020216684283491946,0.0026167071298374743,0.0049258973699991436,0.0043303119120228989,0.0056029379091573983
POST_HOC_EXPLORATORY_ORBITAL_MULTIPLICITY,MONTE_CARLO_REPRODUCTION,36,10,229,0.0022900687020610618,0.0020123118151936297,0.0026060639112833878,0.0049044804249121906,0.0043102689278340829,0.0055801505269256046
POST_HOC_EXPLORATORY_ORBITAL_MULTIPLICITY,MONTE_CARLO_REPRODUCTION,36,11,60,0.00060001800054001618,0.00046622022360035009,0.00077218394394548738,0.0012850167052171678,0.00099853807628487966,0.0016535494533917246
POST_HOC_EXPLORATORY_ORBITAL_MULTIPLICITY,MONTE_CARLO_REPRODUCTION,36,12,205,0.0020500615018450553,0.001788198681704161,0.0023501810837412095,0.0043904737428253236,0.0038301951966888612,0.0050322954639761865
POST_HOC_EXPLORATORY_ORBITAL_MULTIPLICITY,MONTE_CARLO_REPRODUCTION,36,13,26,0.00026000780023400702,0.00017745062328972507,0.00038095926612794601,0.00055684057226077269,0.00038004815802092926,0.00081580691335493625
POST_HOC_EXPLORATORY_ORBITAL_MULTIPLICITY,MONTE_CARLO_REPRODUCTION,36,14,56,0.00056001680050401517,0.0004313218119796275,0.00072708302872760222,0.0011993489248693567,0.00092379093425404269,0.001556975129740122
POST_HOC_EXPLORATORY_ORBITAL_MULTIPLICITY,MONTE_CARLO_REPRODUCTION,36,15,25,0.00025000750022500677,0.00016935514939914103,0.00036905490830887815,0.00053542362717381997,0.0003627096027690376,0.00079031510218621813
POST_HOC_EXPLORATORY_ORBITAL_MULTIPLICITY,MONTE_CARLO_REPRODUCTION,36,16,45,0.00045001350040501216,0.00033635979639011525,0.00060204689551094303,0.00096376252891287591,0.00072039831922305806,0.0012892337141443969
POST_HOC_EXPLORATORY_ORBITAL_MULTIPLICITY,MONTE_CARLO_REPRODUCTION,36,17,9,9.000270008100243e-05,4.7352858448961835e-05,0.00017105989190462602,0.00019275250578257516,0.00010141401691420672,0.00036632482531128964
POST_HOC_EXPLORATORY_ORBITAL_MULTIPLICITY,MONTE_CARLO_REPRODUCTION,36,18,36,0.00036001080032400972,0.00026006991687658456,0.00049833828963760608,0.00077101002313030066,0.00055700026808190258,0.0010671584675000624
POST_HOC_EXPLORATORY_ORBITAL_MULTIPLICITY,MONTE_CARLO_REPRODUCTION,36,19,3,3.0000900027000811e-05,1.0203064637994369e-05,8.8210695457681783e-05,6.4250835260858393e-05,2.1851317292293599e-05,0.00018890532640954304
POST_HOC_EXPLORATORY_ORBITAL_MULTIPLICITY,MONTE_CARLO_REPRODUCTION,36,20,13,0.00013000390011700351,7.5979833259892061e-05,0.00022243224393230361,0.00027842028613038635,0.0001627244123322861,0.00047633589557565014
POST_HOC_EXPLORATORY_ORBITAL_MULTIPLICITY,MONTE_CARLO_REPRODUCTION,36,21,7,7.0002100063001896e-05,3.3910055103800116e-05,0.00014450303183048387,0.00014991861560866959,7.262377663055888e-05,0.00030945433275371761
POST_HOC_EXPLORATORY_ORBITAL_MULTIPLICITY,MONTE_CARLO_REPRODUCTION,36,22,6,6.0001800054001622e-05,2.7499644064177691e-05,0.00013091361116045433,0.00012850167052171679,5.8894756637684807e-05,0.00028035298632598171
POST_HOC_EXPLORATORY_ORBITAL_MULTIPLICITY,MONTE_CARLO_REPRODUCTION,36,23,2,2.0000600018000541e-05,5.4849030641300169e-06,7.2929025321894178e-05,4.2833890173905597e-05,1.1746676258312199e-05,0.00015617960102291448
POST_HOC_EXPLORATORY_ORBITAL_MULTIPLICITY,MONTE_CARLO_REPRODUCTION,36,24,7,7.0002100063001896e-05,3.3910055103800116e-05,0.00014450303183048387,0.00014991861560866959,7.262377663055888e-05,0.00030945433275371761
POST_HOC_EXPLORATORY_ORBITAL_MULTIPLICITY,MONTE_CARLO_REPRODUCTION,36,25,4,4.0001200036001081e-05,1.5555791982348236e-05,0.00010285779982297988,8.5667780347811195e-05,3.3315015127783034e-05,0.00022027199499466356
POST_HOC_EXPLORATORY_ORBITAL_MULTIPLICITY,MONTE_CARLO_REPRODUCTION,36,26,3,3.0000900027000811e-05,1.0203064637994369e-05,8.8210695457681783e-05,6.4250835260858393e-05,2.1851317292293599e-05,0.00018890532640954304
POST_HOC_EXPLORATORY_ORBITAL_MULTIPLICITY,MONTE_CARLO_REPRODUCTION,36,27,2,2.0000600018000541e-05,5.4849030641300169e-06,7.2929025321894178e-05,4.2833890173905597e-05,1.1746676258312199e-05,0.00015617960102291448
POST_HOC_EXPLORATORY_ORBITAL_MULTIPLICITY,MONTE_CARLO_REPRODUCTION,36,28,4,4.0001200036001081e-05,1.5555791982348236e-05,0.00010285779982297988,8.5667780347811195e-05,3.3315015127783034e-05,0.00022027199499466356
POST_HOC_EXPLORATORY_ORBITAL_MULTIPLICITY,MONTE_CARLO_REPRODUCTION,36,29,0,0,0,3.8414264966720286e-05,0,0,8.226554444000679e-05
POST_HOC_EXPLORATORY_ORBITAL_MULTIPLICITY,MONTE_CARLO_REPRODUCTION,36,30,4,4.0001200036001081e-05,1.5555791982348236e-05,0.00010285779982297988,8.5667780347811195e-05,3.3315015127783034e-05,0.00022027199499466356
POST_HOC_EXPLORATORY_ORBITAL_MULTIPLICITY,MONTE_CARLO_REPRODUCTION,36,31,0,0,0,3.8414264966720286e-05,0,0,8.226554444000679e-05
POST_HOC_EXPLORATORY_ORBITAL_MULTIPLICITY,MONTE_CARLO_REPRODUCTION,36,32,1,1.000030000900027e-05,1.7653006894644342e-06,5.6648795986907806e-05,2.1416945086952799e-05,3.7806267036280536e-06,0.0001213152841569887
POST_HOC_EXPLORATORY_ORBITAL_MULTIPLICITY,MONTE_CARLO_REPRODUCTION,36,33,0,0,0,3.8414264966720286e-05,0,0,8.226554444000679e-05
POST_HOC_EXPLORATORY_ORBITAL_MULTIPLICITY,MONTE_CARLO_REPRODUCTION,36,34,1,1.000030000900027e-05,1.7653006894644342e-06,5.6648795986907806e-05,2.1416945086952799e-05,3.7806267036280536e-06,0.0001213152841569887
POST_HOC_EXPLORATORY_ORBITAL_MULTIPLICITY,MONTE_CARLO_REPRODUCTION,36,35,0,0,0,3.8414264966720286e-05,0,0,8.226554444000679e-05
POST_HOC_EXPLORATORY_ORBITAL_MULTIPLICITY,MONTE_CARLO_REPRODUCTION,36,36,1,1.000030000900027e-05,1.7653006894644342e-06,5.6648795986907806e-05,2.1416945086952799e-05,3.7806267036280536e-06,0.0001213152841569887
POST_HOC_EXPLORATORY_ORBITAL_MULTIPLICITY,MONTE_CARLO_REPRODUCTION,36,37,0,0,0,3.8414264966720286e-05,0,0,8.226554444000679e-05
POST_HOC_EXPLORATORY_ORBITAL_MULTIPLICITY,MONTE_CARLO_REPRODUCTION,36,38,0,0,0,3.8414264966720286e-05,0,0,8.226554444000679e-05
POST_HOC_EXPLORATORY_ORBITAL_MULTIPLICITY,MONTE_CARLO_REPRODUCTION,36,39,1,1.000030000900027e-05,1.7653006894644342e-06,5.6648795986907806e-05,2.1416945086952799e-05,3.7806267036280536e-06,0.0001213152841569887
POST_HOC_EXPLORATORY_ORBITAL_MULTIPLICITY,MONTE_CARLO_REPRODUCTION,38,1,54106,0.54106541065410652,0.53797537121253625,0.54415229516364316,NA,NA,NA
POST_HOC_EXPLORATORY_ORBITAL_MULTIPLICITY,MONTE_CARLO_REPRODUCTION,38,2,28253,0.2825328253282533,0.27975069625843418,0.2853316617472671,0.61562765563375677,0.61116764141901303,0.62006831431711618
POST_HOC_EXPLORATORY_ORBITAL_MULTIPLICITY,MONTE_CARLO_REPRODUCTION,38,3,6520,0.06520065200652006,0.063687137382538644,0.066747570957142899,0.14206959667051619,0.13890542601478886,0.14529368320983646
POST_HOC_EXPLORATORY_ORBITAL_MULTIPLICITY,MONTE_CARLO_REPRODUCTION,38,4,6304,0.06304063040630406,0.061551018218186565,0.064563812869028236,0.13736299653541933,0.13424396321921786,0.14054273359817029
POST_HOC_EXPLORATORY_ORBITAL_MULTIPLICITY,MONTE_CARLO_REPRODUCTION,38,5,1096,0.010960109601096011,0.010333329957235293,0.01162446070939192,0.023881637722528489,0.02252410087083051,0.025318874572062104
POST_HOC_EXPLORATORY_ORBITAL_MULTIPLICITY,MONTE_CARLO_REPRODUCTION,38,6,1878,0.018780187801878019,0.017957123302900634,0.019640222972194227,0.040921273396814326,0.039146871866876327,0.042772522568884093
POST_HOC_EXPLORATORY_ORBITAL_MULTIPLICITY,MONTE_CARLO_REPRODUCTION,38,7,315,0.0031500315003150032,0.0028212856409205156,0.0035169488489634362,0.0068637918636829144,0.006148598211079612,0.0076615342223120362
POST_HOC_EXPLORATORY_ORBITAL_MULTIPLICITY,MONTE_CARLO_REPRODUCTION,38,8,709,0.0070900709007090069,0.0065886381989041344,0.0076293723903867886,0.015448979147146623,0.014360503420910904,0.01661856645901516
POST_HOC_EXPLORATORY_ORBITAL_MULTIPLICITY,MONTE_CARLO_REPRODUCTION,38,9,201,0.002010020100201002,0.0017509003919354425,0.0023073988813688269,0.004379752903492907,0.0038156855011276707,0.0050267848284443724
POST_HOC_EXPLORATORY_ORBITAL_MULTIPLICITY,MONTE_CARLO_REPRODUCTION,38,10,178,0.0017800178001780018,0.0015371995467654772,0.0020611127968779793,0.0038785871483668533,0.0033499413136533953,0.0044902813984813612
POST_HOC_EXPLORATORY_ORBITAL_MULTIPLICITY,MONTE_CARLO_REPRODUCTION,38,11,54,0.00054000540005400054,0.00041393164848247408,0.00070445116133746838,0.0011766500337742139,0.0009019986146976296,0.0015348021599491375
POST_HOC_EXPLORATORY_ORBITAL_MULTIPLICITY,MONTE_CARLO_REPRODUCTION,38,12,179,0.0017900179001790017,0.0015464697134634502,0.0020718420619043896,0.0039003769638071167,0.0033701447712807509,0.004513653924220846
POST_HOC_EXPLORATORY_ORBITAL_MULTIPLICITY,MONTE_CARLO_REPRODUCTION,38,13,28,0.00028000280002800029,0.00019374092847082352,0.00040465665651515624,0.00061011483232737015,0.00042217124968418624,0.00088165395742477654
POST_HOC_EXPLORATORY_ORBITAL_MULTIPLICITY,MONTE_CARLO_REPRODUCTION,38,14,39,0.0003900039000390004,0.0002853251917341842,0.00053306614222001052,0.00084980280217026563,0.0006217445425578678,0.0011614164815863198
POST_HOC_EXPLORATORY_ORBITAL_MULTIPLICITY,MONTE_CARLO_REPRODUCTION,38,15,14,0.00014000140001400014,8.3401167379551229e-05,0.00023500437346506413,0.00030505741616368507,0.00018173231506039597,0.00051202912491282607
POST_HOC_EXPLORATORY_ORBITAL_MULTIPLICITY,MONTE_CARLO_REPRODUCTION,38,16,43,0.00043000430004300043,0.000319274820964069,0.0005791142398876586,0.00093696206393131852,0.00069572570532703301,0.0012617392522845095
POST_HOC_EXPLORATORY_ORBITAL_MULTIPLICITY,MONTE_CARLO_REPRODUCTION,38,17,10,0.00010000100001000011,5.4321277731143175e-05,0.00018408653621593946,0.00021789815440263221,0.00011836612202829335,0.00040109138447757425
POST_HOC_EXPLORATORY_ORBITAL_MULTIPLICITY,MONTE_CARLO_REPRODUCTION,38,18,24,0.00024000240002400024,0.00016129352546961857,0.00035710633261882852,0.00052295557056631725,0.00035146521266191848,0.00077805606097968967
POST_HOC_EXPLORATORY_ORBITAL_MULTIPLICITY,MONTE_CARLO_REPRODUCTION,38,19,5,5.0000500005000053e-05,2.1357408044297142e-05,0.00011705324728086957,0.0001089490772013161,4.6537402959508824e-05,0.00025504018671216564
POST_HOC_EXPLORATORY_ORBITAL_MULTIPLICITY,MONTE_CARLO_REPRODUCTION,38,20,11,0.00011000110001100011,6.1426053073645784e-05,0.00019698119259782001,0.00023968796984289543,0.00013384764440926115,0.00042918584546344503
POST_HOC_EXPLORATORY_ORBITAL_MULTIPLICITY,MONTE_CARLO_REPRODUCTION,38,21,4,4.0000400004000039e-05,1.5555480861267901e-05,0.00010285574273951565,8.715926176105288e-05,3.3895040275304454e-05,0.00022410656602953136
POST_HOC_EXPLORATORY_ORBITAL_MULTIPLICITY,MONTE_CARLO_REPRODUCTION,38,22,5,5.0000500005000053e-05,2.1357408044297142e-05,0.00011705324728086957,0.0001089490772013161,4.6537402959508824e-05,0.00025504018671216564
POST_HOC_EXPLORATORY_ORBITAL_MULTIPLICITY,MONTE_CARLO_REPRODUCTION,38,23,1,1.000010000100001e-05,1.7652653830539562e-06,5.6647663044580057e-05,2.178981544026322e-05,3.8464478281714068e-06,0.00012342720837614857
POST_HOC_EXPLORATORY_ORBITAL_MULTIPLICITY,MONTE_CARLO_REPRODUCTION,38,24,9,9.0000900009000085e-05,4.7351911368396536e-05,0.00017105647085430292,0.00019610833896236898,0.00010317969786404689,0.00037270182527498211
POST_HOC_EXPLORATORY_ORBITAL_MULTIPLICITY,MONTE_CARLO_REPRODUCTION,38,25,1,1.000010000100001e-05,1.7652653830539562e-06,5.6647663044580057e-05,2.178981544026322e-05,3.8464478281714068e-06,0.00012342720837614857
POST_HOC_EXPLORATORY_ORBITAL_MULTIPLICITY,MONTE_CARLO_REPRODUCTION,38,26,1,1.000010000100001e-05,1.7652653830539562e-06,5.6647663044580057e-05,2.178981544026322e-05,3.8464478281714068e-06,0.00012342720837614857
POST_HOC_EXPLORATORY_ORBITAL_MULTIPLICITY,MONTE_CARLO_REPRODUCTION,38,27,1,1.000010000100001e-05,1.7652653830539562e-06,5.6647663044580057e-05,2.178981544026322e-05,3.8464478281714068e-06,0.00012342720837614857
POST_HOC_EXPLORATORY_ORBITAL_MULTIPLICITY,MONTE_CARLO_REPRODUCTION,38,28,2,2.000020000200002e-05,5.4847933646290419e-06,7.2927566787388157e-05,4.357963088052644e-05,1.1951188018693613e-05,0.000158898451552465
POST_HOC_EXPLORATORY_ORBITAL_MULTIPLICITY,MONTE_CARLO_REPRODUCTION,38,29,0,0,0,3.8413496703250842e-05,0,0,8.369767283748135e-05
POST_HOC_EXPLORATORY_ORBITAL_MULTIPLICITY,MONTE_CARLO_REPRODUCTION,38,30,1,1.000010000100001e-05,1.7652653830539562e-06,5.6647663044580057e-05,2.178981544026322e-05,3.8464478281714068e-06,0.00012342720837614857
POST_HOC_EXPLORATORY_ORBITAL_MULTIPLICITY,MONTE_CARLO_REPRODUCTION,38,31,1,1.000010000100001e-05,1.7652653830539562e-06,5.6647663044580057e-05,2.178981544026322e-05,3.8464478281714068e-06,0.00012342720837614857
POST_HOC_EXPLORATORY_ORBITAL_MULTIPLICITY,MONTE_CARLO_REPRODUCTION,38,32,1,1.000010000100001e-05,1.7652653830539562e-06,5.6647663044580057e-05,2.178981544026322e-05,3.8464478281714068e-06,0.00012342720837614857
POST_HOC_EXPLORATORY_ORBITAL_MULTIPLICITY,MONTE_CARLO_REPRODUCTION,38,33,1,1.000010000100001e-05,1.7652653830539562e-06,5.6647663044580057e-05,2.178981544026322e-05,3.8464478281714068e-06,0.00012342720837614857
POST_HOC_EXPLORATORY_ORBITAL_MULTIPLICITY,MONTE_CARLO_REPRODUCTION,38,34,0,0,0,3.8413496703250842e-05,0,0,8.369767283748135e-05
POST_HOC_EXPLORATORY_ORBITAL_MULTIPLICITY,MONTE_CARLO_REPRODUCTION,38,35,0,0,0,3.8413496703250842e-05,0,0,8.369767283748135e-05
POST_HOC_EXPLORATORY_ORBITAL_MULTIPLICITY,MONTE_CARLO_REPRODUCTION,38,36,1,1.000010000100001e-05,1.7652653830539562e-06,5.6647663044580057e-05,2.178981544026322e-05,3.8464478281714068e-06,0.00012342720837614857
POST_HOC_EXPLORATORY_ORBITAL_MULTIPLICITY,MONTE_CARLO_REPRODUCTION,38,37,0,0,0,3.8413496703250842e-05,0,0,8.369767283748135e-05
POST_HOC_EXPLORATORY_ORBITAL_MULTIPLICITY,MONTE_CARLO_REPRODUCTION,38,38,0,0,0,3.8413496703250842e-05,0,0,8.369767283748135e-05
POST_HOC_EXPLORATORY_ORBITAL_MULTIPLICITY,MONTE_CARLO_REPRODUCTION,38,39,0,0,0,3.8413496703250842e-05,0,0,8.369767283748135e-05
POST_HOC_EXPLORATORY_ORBITAL_MULTIPLICITY,MONTE_CARLO_REPRODUCTION,38,40,0,0,0,3.8413496703250842e-05,0,0,8.369767283748135e-05
POST_HOC_EXPLORATORY_ORBITAL_MULTIPLICITY,MONTE_CARLO_REPRODUCTION,38,41,0,0,0,3.8413496703250842e-05,0,0,8.369767283748135e-05
POST_HOC_EXPLORATORY_ORBITAL_MULTIPLICITY,MONTE_CARLO_REPRODUCTION,38,42,0,0,0,3.8413496703250842e-05,0,0,8.369767283748135e-05
POST_HOC_EXPLORATORY_ORBITAL_MULTIPLICITY,MONTE_CARLO_REPRODUCTION,38,43,0,0,0,3.8413496703250842e-05,0,0,8.369767283748135e-05
POST_HOC_EXPLORATORY_ORBITAL_MULTIPLICITY,MONTE_CARLO_REPRODUCTION,38,44,0,0,0,3.8413496703250842e-05,0,0,8.369767283748135e-05
POST_HOC_EXPLORATORY_ORBITAL_MULTIPLICITY,MONTE_CARLO_REPRODUCTION,38,45,0,0,0,3.8413496703250842e-05,0,0,8.369767283748135e-05
POST_HOC_EXPLORATORY_ORBITAL_MULTIPLICITY,MONTE_CARLO_REPRODUCTION,38,46,0,0,0,3.8413496703250842e-05,0,0,8.369767283748135e-05
POST_HOC_EXPLORATORY_ORBITAL_MULTIPLICITY,MONTE_CARLO_REPRODUCTION,38,47,0,0,0,3.8413496703250842e-05,0,0,8.369767283748135e-05
POST_HOC_EXPLORATORY_ORBITAL_MULTIPLICITY,MONTE_CARLO_REPRODUCTION,38,48,1,1.000010000100001e-05,1.7652653830539562e-06,5.6647663044580057e-05,2.178981544026322e-05,3.8464478281714068e-06,0.00012342720837614857
POST_HOC_EXPLORATORY_ORBITAL_MULTIPLICITY,MONTE_CARLO_REPRODUCTION,38,49,0,0,0,3.8413496703250842e-05,0,0,8.369767283748135e-05
POST_HOC_EXPLORATORY_ORBITAL_MULTIPLICITY,MONTE_CARLO_REPRODUCTION,38,50,0,0,0,3.8413496703250842e-05,0,0,8.369767283748135e-05
POST_HOC_EXPLORATORY_ORBITAL_MULTIPLICITY,MONTE_CARLO_REPRODUCTION,38,51,2,2.000020000200002e-05,5.4847933646290419e-06,7.2927566787388157e-05,4.357963088052644e-05,1.1951188018693613e-05,0.000158898451552465
POST_HOC_EXPLORATORY_ORBITAL_MULTIPLICITY,MONTE_CARLO_REPRODUCTION,40,1,55046,0.55046550465504651,0.54738045927232637,0.55354667292477333,NA,NA,NA
POST_HOC_EXPLORATORY_ORBITAL_MULTIPLICITY,MONTE_CARLO_REPRODUCTION,40,2,28271,0.28271282712827128,0.27993015258072701,0.28551219519601306,0.6289012969101061,0.62442460381969433,0.63335596136114081
POST_HOC_EXPLORATORY_ORBITAL_MULTIPLICITY,MONTE_CARLO_REPRODUCTION,40,3,6219,0.06219062190621906,0.060710552516486743,0.06370432687415549,0.1383444931372767,0.1351837232427153,0.14156706829625657
POST_HOC_EXPLORATORY_ORBITAL_MULTIPLICITY,MONTE_CARLO_REPRODUCTION,40,4,6080,0.060800608006080059,0.059336315835695166,0.062298642545257812,0.13525237470246701,0.13212207610755325,0.13844500699063231
POST_HOC_EXPLORATORY_ORBITAL_MULTIPLICITY,MONTE_CARLO_REPRODUCTION,40,5,991,0.0099100991009910093,0.0093147074637414812,0.010543142871825499,0.022045247258247504,0.020728200553933419,0.023443974233738753
POST_HOC_EXPLORATORY_ORBITAL_MULTIPLICITY,MONTE_CARLO_REPRODUCTION,40,6,1707,0.017070170701707018,0.016285680163496956,0.017891763286728382,0.03797299401597224,0.036245257120871899,0.039779689203512325
POST_HOC_EXPLORATORY_ORBITAL_MULTIPLICITY,MONTE_CARLO_REPRODUCTION,40,7,284,0.0028400284002840026,0.0025287470165860693,0.0031895050898420037,0.0063177096078126044,0.0056262705952736794,0.0070935166554495768
POST_HOC_EXPLORATORY_ORBITAL_MULTIPLICITY,MONTE_CARLO_REPRODUCTION,40,8,652,0.0065200652006520065,0.0060398373178299301,0.0070382056631711522,0.014504037550330345,0.013439591566782783,0.015651452563144434
POST_HOC_EXPLORATORY_ORBITAL_MULTIPLICITY,MONTE_CARLO_REPRODUCTION,40,9,175,0.0017500175001750017,0.0015094014291686811,0.0020289126193016259,0.0038929548639690345,0.0033581579772901391,0.0045125341651906384
POST_HOC_EXPLORATORY_ORBITAL_MULTIPLICITY,MONTE_CARLO_REPRODUCTION,40,10,168,0.0016800168001680016,0.0014446136857767344,0.0019537043406228903,0.003737236669410273,0.0032140061520596758,0.0043452762128275493
POST_HOC_EXPLORATORY_ORBITAL_MULTIPLICITY,MONTE_CARLO_REPRODUCTION,40,11,40,0.00040000400004000042,0.00029378519494303,0.000544605570735548,0.00088981825462149361,0.00065356805123293379,0.0012113640948007405
POST_HOC_EXPLORATORY_ORBITAL_MULTIPLICITY,MONTE_CARLO_REPRODUCTION,40,12,179,0.0017900179001790017,0.0015464697134634502,0.0020718420619043896,0.0039819366894311833,0.0034406347027976345,0.0046080058840223164
POST_HOC_EXPLORATORY_ORBITAL_MULTIPLICITY,MONTE_CARLO_REPRODUCTION,40,13,20,0.00020000200002000021,0.00012948014430736989,0.00030892198688354454,0.0004449091273107468,0.0002880413868078549,0.00068714853752995192
POST_HOC_EXPLORATORY_ORBITAL_MULTIPLICITY,MONTE_CARLO_REPRODUCTION,40,14,37,0.00037000370003700036,0.0002684641748599091,0.00050992829564551923,0.00082308188552488153,0.00059723607431979718,0.0011342347384594967
POST_HOC_EXPLORATORY_ORBITAL_MULTIPLICITY,MONTE_CARLO_REPRODUCTION,40,15,21,0.0002100021000210002,0.00013736500260946494,0.00032103656030583268,0.00046715458367628412,0.00030558241220795293,0.00071409462321464739
POST_HOC_EXPLORATORY_ORBITAL_MULTIPLICITY,MONTE_CARLO_REPRODUCTION,40,16,39,0.0003900039000390004,0.0002853251917341842,0.00053306614222001052,0.00086757279825595618,0.00063474695405831482,0.0011856980808905657
POST_HOC_EXPLORATORY_ORBITAL_MULTIPLICITY,MONTE_CARLO_REPRODUCTION,40,17,7,7.0000700007000072e-05,3.3909376887927798e-05,0.00014450014188600532,0.00015571819455876138,7.5433290050236346e-05,0.00032142419018525671
POST_HOC_EXPLORATORY_ORBITAL_MULTIPLICITY,MONTE_CARLO_REPRODUCTION,40,18,29,0.00029000290002900031,0.00020193590451057905,0.00041646111219978399,0.00064511823460058286,0.00044923103576306864,0.00092634288833787833
POST_HOC_EXPLORATORY_ORBITAL_MULTIPLICITY,MONTE_CARLO_REPRODUCTION,40,19,4,4.0000400004000039e-05,1.5555480861267901e-05,0.00010285574273951565,8.8981825462149352e-05,3.4603821068493164e-05,0.00022879232591261971
POST_HOC_EXPLORATORY_ORBITAL_MULTIPLICITY,MONTE_CARLO_REPRODUCTION,40,20,10,0.00010000100001000011,5.4321277731143175e-05,0.00018408653621593946,0.0002224545636553734,0.00012084133247131158,0.00040947748101856157
POST_HOC_EXPLORATORY_ORBITAL_MULTIPLICITY,MONTE_CARLO_REPRODUCTION,40,21,5,5.0000500005000053e-05,2.1357408044297142e-05,0.00011705324728086957,0.0001112272818276867,4.751055253976169e-05,0.00026037270552614459
POST_HOC_EXPLORATORY_ORBITAL_MULTIPLICITY,MONTE_CARLO_REPRODUCTION,40,22,2,2.000020000200002e-05,5.4847933646290419e-06,7.2927566787388157e-05,4.4490912731074676e-05,1.2201097809109825e-05,0.00016222082700241634
POST_HOC_EXPLORATORY_ORBITAL_MULTIPLICITY,MONTE_CARLO_REPRODUCTION,40,23,0,0,0,3.8413496703250842e-05,0,6.7762635780344027e-21,8.5447702641939448e-05
POST_HOC_EXPLORATORY_ORBITAL_MULTIPLICITY,MONTE_CARLO_REPRODUCTION,40,24,4,4.0000400004000039e-05,1.5555480861267901e-05,0.00010285574273951565,8.8981825462149352e-05,3.4603821068493164e-05,0.00022879232591261971
POST_HOC_EXPLORATORY_ORBITAL_MULTIPLICITY,MONTE_CARLO_REPRODUCTION,40,25,1,1.000010000100001e-05,1.7652653830539562e-06,5.6647663044580057e-05,2.2245456365537338e-05,3.9268800773253497e-06,0.00012600793364940746
POST_HOC_EXPLORATORY_ORBITAL_MULTIPLICITY,MONTE_CARLO_REPRODUCTION,40,26,2,2.000020000200002e-05,5.4847933646290419e-06,7.2927566787388157e-05,4.4490912731074676e-05,1.2201097809109825e-05,0.00016222082700241634
POST_HOC_EXPLORATORY_ORBITAL_MULTIPLICITY,MONTE_CARLO_REPRODUCTION,40,27,4,4.0000400004000039e-05,1.5555480861267901e-05,0.00010285574273951565,8.8981825462149352e-05,3.4603821068493164e-05,0.00022879232591261971
POST_HOC_EXPLORATORY_ORBITAL_MULTIPLICITY,MONTE_CARLO_REPRODUCTION,40,28,0,0,0,3.8413496703250842e-05,0,6.7762635780344027e-21,8.5447702641939448e-05
POST_HOC_EXPLORATORY_ORBITAL_MULTIPLICITY,MONTE_CARLO_REPRODUCTION,40,29,0,0,0,3.8413496703250842e-05,0,6.7762635780344027e-21,8.5447702641939448e-05
POST_HOC_EXPLORATORY_ORBITAL_MULTIPLICITY,MONTE_CARLO_REPRODUCTION,40,30,0,0,0,3.8413496703250842e-05,0,6.7762635780344027e-21,8.5447702641939448e-05
POST_HOC_EXPLORATORY_ORBITAL_MULTIPLICITY,MONTE_CARLO_REPRODUCTION,40,31,0,0,0,3.8413496703250842e-05,0,6.7762635780344027e-21,8.5447702641939448e-05
POST_HOC_EXPLORATORY_ORBITAL_MULTIPLICITY,MONTE_CARLO_REPRODUCTION,40,32,0,0,0,3.8413496703250842e-05,0,6.7762635780344027e-21,8.5447702641939448e-05
POST_HOC_EXPLORATORY_ORBITAL_MULTIPLICITY,MONTE_CARLO_REPRODUCTION,40,33,0,0,0,3.8413496703250842e-05,0,6.7762635780344027e-21,8.5447702641939448e-05
POST_HOC_EXPLORATORY_ORBITAL_MULTIPLICITY,MONTE_CARLO_REPRODUCTION,40,34,0,0,0,3.8413496703250842e-05,0,6.7762635780344027e-21,8.5447702641939448e-05
POST_HOC_EXPLORATORY_ORBITAL_MULTIPLICITY,MONTE_CARLO_REPRODUCTION,40,35,0,0,0,3.8413496703250842e-05,0,6.7762635780344027e-21,8.5447702641939448e-05
POST_HOC_EXPLORATORY_ORBITAL_MULTIPLICITY,MONTE_CARLO_REPRODUCTION,40,36,0,0,0,3.8413496703250842e-05,0,6.7762635780344027e-21,8.5447702641939448e-05
POST_HOC_EXPLORATORY_ORBITAL_MULTIPLICITY,MONTE_CARLO_REPRODUCTION,40,37,0,0,0,3.8413496703250842e-05,0,6.7762635780344027e-21,8.5447702641939448e-05
POST_HOC_EXPLORATORY_ORBITAL_MULTIPLICITY,MONTE_CARLO_REPRODUCTION,40,38,0,0,0,3.8413496703250842e-05,0,6.7762635780344027e-21,8.5447702641939448e-05
POST_HOC_EXPLORATORY_ORBITAL_MULTIPLICITY,MONTE_CARLO_REPRODUCTION,40,39,0,0,0,3.8413496703250842e-05,0,6.7762635780344027e-21,8.5447702641939448e-05
POST_HOC_EXPLORATORY_ORBITAL_MULTIPLICITY,MONTE_CARLO_REPRODUCTION,40,40,0,0,0,3.8413496703250842e-05,0,6.7762635780344027e-21,8.5447702641939448e-05
POST_HOC_EXPLORATORY_ORBITAL_MULTIPLICITY,MONTE_CARLO_REPRODUCTION,40,41,0,0,0,3.8413496703250842e-05,0,6.7762635780344027e-21,8.5447702641939448e-05
POST_HOC_EXPLORATORY_ORBITAL_MULTIPLICITY,MONTE_CARLO_REPRODUCTION,40,42,1,1.000010000100001e-05,1.7652653830539562e-06,5.6647663044580057e-05,2.2245456365537338e-05,3.9268800773253497e-06,0.00012600793364940746
POST_HOC_EXPLORATORY_ORBITAL_MULTIPLICITY,MONTE_CARLO_REPRODUCTION,40,43,0,0,0,3.8413496703250842e-05,0,6.7762635780344027e-21,8.5447702641939448e-05
POST_HOC_EXPLORATORY_ORBITAL_MULTIPLICITY,MONTE_CARLO_REPRODUCTION,40,44,0,0,0,3.8413496703250842e-05,0,6.7762635780344027e-21,8.5447702641939448e-05
POST_HOC_EXPLORATORY_ORBITAL_MULTIPLICITY,MONTE_CARLO_REPRODUCTION,40,45,0,0,0,3.8413496703250842e-05,0,6.7762635780344027e-21,8.5447702641939448e-05
POST_HOC_EXPLORATORY_ORBITAL_MULTIPLICITY,MONTE_CARLO_REPRODUCTION,40,46,0,0,0,3.8413496703250842e-05,0,6.7762635780344027e-21,8.5447702641939448e-05
POST_HOC_EXPLORATORY_ORBITAL_MULTIPLICITY,MONTE_CARLO_REPRODUCTION,40,47,1,1.000010000100001e-05,1.7652653830539562e-06,5.6647663044580057e-05,2.2245456365537338e-05,3.9268800773253497e-06,0.00012600793364940746
