seed,intensity,kind,N,n_min,valid,abstention_reason,mean_L,std_L,cv_L,iqr_L,range_L,mean_V,std_V,cv_V,iqr_V,range_V,flags
4200000,1200.0,MINK,1219,30,True,,45.266666666666666,2.5681813712344304,0.05673449273713764,4.0,9.0,787.6,90.30304535285617,0.1146559742926056,133.0,294.0,
4200001,1200.0,MINK,1191,29,True,,46.62068965517241,2.1239811854392405,0.045558768030871284,3.0,9.0,753.4827586206897,85.06006830455885,0.11288920327821184,142.0,280.0,NEAR_DELTA_MINK_L
4200002,1200.0,MINK,1229,30,True,,45.96666666666667,1.9058389811897078,0.04146132663937,2.0,8.0,831.3666666666667,90.20734756967171,0.10850488862075103,151.75,323.0,NEAR_DELTA_MINK_L
4200003,1200.0,MINK,1224,33,True,,45.81818181818182,3.663534850838161,0.07995810190321383,6.0,12.0,772.4848484848485,94.23668500501604,0.1219916289489067,133.0,319.0,
4200004,1200.0,MINK,1189,35,True,,44.22857142857143,2.757697945603121,0.06235105174167263,3.5,10.0,761.8857142857142,98.14093988561885,0.128813203929973,124.0,310.0,
4200005,1200.0,MINK,1155,31,True,,47.483870967741936,2.5510398606151674,0.05372434489067268,4.0,8.0,749.7741935483871,90.65450531566016,0.12090907648691929,139.0,290.0,
4200006,1200.0,MINK,1222,32,True,,44.25,1.1726039399558574,0.02649952406679904,2.0,4.0,801.09375,87.82096823047159,0.10962633053930529,139.0,298.0,NEAR_DELTA_MINK_L
4200007,1200.0,MINK,1191,33,True,,45.90909090909091,2.0650575802910085,0.044981452243962564,3.0,9.0,763.6060606060606,79.8771554530396,0.1046051879023099,137.0,261.0,NEAR_DELTA_MINK_L
4200008,1200.0,MINK,1229,27,True,,46.51851851851852,3.315176888977814,0.07126574522484154,6.0,10.0,769.7777777777778,97.06520654172459,0.1260951008769517,178.5,296.0,
4200009,1200.0,MINK,1220,31,True,,47.70967741935484,2.2460509916811886,0.04707747176613715,3.0,9.0,793.0967741935484,94.0076712170804,0.11853240900225707,147.0,337.0,NEAR_DELTA_MINK_L
4200010,1200.0,MINK,1225,32,True,,45.6875,1.4017288432503627,0.03068079547470014,2.0,6.0,781.15625,88.31870886702036,0.11306151473155385,106.5,313.0,NEAR_DELTA_MINK_L
4200011,1200.0,MINK,1153,26,True,,44.46153846153846,2.0235302212255237,0.045511925390885485,3.0,7.0,735.4230769230769,77.06349683461488,0.10478797749594618,109.5,266.0,NEAR_DELTA_MINK_L
4200012,1200.0,MINK,1195,32,True,,44.4375,1.6571341979453564,0.03729134622661843,2.25,7.0,750.65625,96.43994548908404,0.12847417907875147,130.25,313.0,NEAR_DELTA_MINK_L
4200013,1200.0,MINK,1226,29,True,,46.55172413793103,1.5219363097044076,0.0326934466529095,1.0,7.0,815.4827586206897,102.82446397813125,0.12609029791389936,178.0,340.0,NEAR_DELTA_MINK_L
4200014,1200.0,MINK,1199,32,True,,48.125,2.1469455046647083,0.04461185464238355,4.0,7.0,752.1875,90.3581199657784,0.12012712251370622,138.5,294.0,NEAR_DELTA_MINK_L
4200015,1200.0,MINK,1188,29,True,,47.62068965517241,3.468218196049698,0.07283007073529417,7.0,11.0,737.3448275862069,93.22581996275976,0.12643449370621676,116.0,355.0,
4200016,1200.0,MINK,1248,29,True,,48.172413793103445,2.085565589660337,0.04329377387269132,2.0,8.0,830.2068965517242,98.32226369772246,0.1184310370175258,163.0,330.0,NEAR_DELTA_MINK_L
4200017,1200.0,MINK,1180,27,True,,45.629629629629626,1.7245106261959728,0.03779365820397019,3.0,5.0,776.8148148148148,87.43634172696922,0.11255751056680505,143.5,298.0,NEAR_DELTA_MINK_L
4200018,1200.0,MINK,1158,29,True,,44.793103448275865,1.8453914703806416,0.04119811596692733,3.0,6.0,735.3793103448276,79.07805563038963,0.10753369658076053,120.0,270.0,NEAR_DELTA_MINK_L
4200019,1200.0,MINK,1199,35,True,,45.371428571428574,2.485221626055158,0.05477503583874718,4.0,9.0,775.1142857142858,96.14298025888954,0.1240371672034035,161.5,349.0,
4200020,1200.0,MINK,1192,35,True,,43.91428571428571,1.991000158878211,0.04533832502325139,2.0,10.0,777.0,83.91117752889488,0.10799379347348119,85.0,343.0,NEAR_DELTA_MINK_L
4200021,1200.0,MINK,1243,30,True,,49.06666666666667,4.065573623597154,0.0828581580896159,5.75,15.0,800.6,91.96687809568544,0.11487244328714144,137.5,312.0,
4200022,1200.0,MINK,1219,35,True,,45.542857142857144,2.12929038672991,0.04675355303359275,3.0,8.0,781.2857142857143,85.50273894646264,0.10943850294848025,126.0,307.0,NEAR_DELTA_MINK_L
4200023,1200.0,MINK,1161,33,True,,43.72727272727273,0.8265564664839913,0.01890253873456113,1.0,3.0,720.8484848484849,88.151426607037,0.12228842601447035,154.0,275.0,NEAR_DELTA_MINK_L
4200000,2400.0,MINK,2427,44,True,,66.0909090909091,2.6698500282888022,0.040396630414273486,4.0,10.0,1555.340909090909,179.31649814856542,0.11529080030009321,347.25,577.0,NEAR_DELTA_MINK_L
4200001,2400.0,MINK,2387,38,True,,66.6842105263158,2.201736911931778,0.03301736489874016,3.75,8.0,1568.3947368421052,175.00579531361754,0.11158274840043401,309.0,577.0,NEAR_DELTA_MINK_L
4200002,2400.0,MINK,2441,43,True,,65.25581395348837,1.6295672596609168,0.02497198580378454,3.0,6.0,1632.1860465116279,199.833099641368,0.12243279500425772,328.0,656.0,NEAR_DELTA_MINK_L
4200003,2400.0,MINK,2434,45,True,,66.37777777777778,2.734868584199158,0.04120156889486512,3.0,10.0,1594.6,169.9863262474694,0.10660123306626704,276.0,544.0,NEAR_DELTA_MINK_L
4200004,2400.0,MINK,2385,46,True,,65.95652173913044,2.843425075955209,0.04311059772377707,4.5,11.0,1559.1739130434783,196.26416363708978,0.12587701858991843,315.25,626.0,NEAR_DELTA_MINK_L
4200005,2400.0,MINK,2336,38,True,,63.10526315789474,2.7605250614617587,0.04374476744601619,3.0,10.0,1514.657894736842,207.94651087489194,0.13728942462682026,348.25,635.0,NEAR_DELTA_MINK_L
4200006,2400.0,MINK,2431,47,True,,65.8936170212766,1.6914559076044076,0.025669495530321974,2.0,7.0,1585.659574468085,187.75881729537855,0.11841054682772176,301.0,625.0,NEAR_DELTA_MINK_L
4200007,2400.0,MINK,2387,42,True,,65.64285714285714,1.1301375510767444,0.017216458884738217,1.0,5.0,1540.2380952380952,159.25343825604483,0.10339533786912788,265.5,589.0,NEAR_DELTA_MINK_L
4200008,2400.0,MINK,2441,42,True,,68.52380952380952,4.153243684949868,0.06061022750795499,6.0,14.0,1569.904761904762,192.27321948130273,0.12247444822577522,353.25,614.0,
4200009,2400.0,MINK,2428,46,True,,67.67391304347827,2.9639452836738522,0.04379745680982885,4.0,10.0,1592.7608695652175,199.47727175563122,0.1252399374992703,326.0,645.0,NEAR_DELTA_MINK_L
4200010,2400.0,MINK,2435,46,True,,66.97826086956522,1.8822873508254536,0.028102959473538094,2.75,9.0,1575.0217391304348,186.29913873291952,0.11828353482649374,246.75,597.0,NEAR_DELTA_MINK_L
4200011,2400.0,MINK,2334,45,True,,64.31111111111112,1.8357223491611896,0.028544404185298383,2.0,9.0,1539.4444444444443,155.21276516168314,0.10082388209708758,215.0,574.0,NEAR_DELTA_MINK_L
4200012,2400.0,MINK,2394,40,True,,65.9,1.9595917942265422,0.02973583906261824,2.0,9.0,1554.475,187.79083943313103,0.12080659993446728,264.25,661.0,NEAR_DELTA_MINK_L
4200013,2400.0,MINK,2436,45,True,,68.42222222222222,1.7190292982945525,0.02512384489225556,3.0,6.0,1596.7555555555555,189.24706433132508,0.1185197469161025,308.0,633.0,NEAR_DELTA_MINK_L
4200014,2400.0,MINK,2399,46,True,,69.08695652173913,2.4211575291001486,0.03504507436708837,2.0,12.0,1544.5869565217392,166.06711268888913,0.10751554775708856,248.5,562.0,NEAR_DELTA_MINK_L
4200015,2400.0,MINK,2369,44,True,,66.36363636363636,2.0790175683689585,0.03132766198912129,3.0,10.0,1568.6363636363637,177.33085294149654,0.11304777643329249,258.0,633.0,NEAR_DELTA_MINK_L
4200016,2400.0,MINK,2468,46,True,,65.69565217391305,1.8866759959780117,0.02871843011746808,3.0,7.0,1614.195652173913,187.9051124515888,0.11640789157034846,290.0,632.0,NEAR_DELTA_MINK_L
4200017,2400.0,MINK,2372,37,True,,64.32432432432432,1.4152462120633562,0.022001726826195035,2.0,6.0,1555.7027027027027,179.80588104275193,0.1155785618488529,299.0,568.0,NEAR_DELTA_MINK_L
4200018,2400.0,MINK,2341,50,True,,63.62,1.9888690253508399,0.031261694834184846,3.0,7.0,1489.4,167.44575240954904,0.11242497140428967,256.5,597.0,NEAR_DELTA_MINK_L
4200019,2400.0,MINK,2399,47,True,,65.72340425531915,3.2004130561842574,0.04869518084838462,3.5,12.0,1543.063829787234,195.022246876663,0.1263863769676681,349.0,697.0,NEAR_DELTA_MINK_L
4200020,2400.0,MINK,2388,45,True,,64.17777777777778,1.2699761833092928,0.019788410058489674,2.0,5.0,1584.4,158.6999124833477,0.10016404473829064,210.0,594.0,NEAR_DELTA_MINK_L
4200021,2400.0,MINK,2461,42,True,,66.57142857142857,2.0946968998021687,0.03146540407428151,3.75,7.0,1621.357142857143,182.7050474227286,0.1126864912074629,300.5,596.0,NEAR_DELTA_MINK_L
4200022,2400.0,MINK,2427,47,True,,65.53191489361703,2.220322612458649,0.03388154635894691,2.0,11.0,1581.4255319148936,171.50010789412286,0.10844652778968308,270.0,616.0,NEAR_DELTA_MINK_L
4200023,2400.0,MINK,2345,40,True,,67.725,1.8839785030620702,0.02781806575211621,3.0,8.0,1514.925,185.56931151189843,0.12249405845959267,324.25,632.0,NEAR_DELTA_MINK_L
4200000,4800.0,MINK,4839,62,True,,94.90322580645162,2.5317957252062686,0.026677657199658165,3.0,10.0,3134.1129032258063,353.63782752883384,0.11283506320555643,671.25,1180.0,NEAR_DELTA_MINK_L
4200001,4800.0,MINK,4781,56,True,,94.89285714285714,2.832708014229061,0.029851646367487283,3.0,12.0,3113.0714285714284,368.2637281478964,0.11829594553083886,628.25,1204.0,NEAR_DELTA_MINK_L
4200002,4800.0,MINK,4858,65,True,,92.24615384615385,2.0757261508335914,0.02250203465713533,3.0,7.0,3244.1846153846154,379.36144292573834,0.11693583685919891,648.0,1310.0,NEAR_DELTA_MINK_L
4200003,4800.0,MINK,4848,72,True,,94.59722222222223,2.841457578926616,0.030037431461270934,4.25,13.0,3149.597222222222,378.10913546966475,0.120049996489039,620.25,1267.0,NEAR_DELTA_MINK_L
4200004,4800.0,MINK,4778,66,True,,94.75757575757575,2.6802340810289826,0.028285169387258214,2.0,11.0,3197.090909090909,344.0025866390034,0.10759862525674016,537.25,1190.0,NEAR_DELTA_MINK_L
4200005,4800.0,MINK,4710,64,True,,90.015625,1.690896466190346,0.018784477319247032,1.25,8.0,3109.5,363.6303927066603,0.1169417567797589,624.25,1167.0,NEAR_DELTA_MINK_L
4200006,4800.0,MINK,4843,60,True,,94.5,2.0696215435033847,0.02190075707410989,3.0,8.0,3133.133333333333,356.4459036406818,0.11376659264655675,526.75,1271.0,NEAR_DELTA_MINK_L
4200007,4800.0,MINK,4782,56,True,,94.66071428571429,1.5842617220906503,0.01673621136334209,3.0,6.0,3132.7678571428573,329.9282925918161,0.10531526995834184,527.25,1202.0,NEAR_DELTA_MINK_L
4200008,4800.0,MINK,4858,63,True,,95.01587301587301,3.583436603127916,0.03771408386185411,6.0,14.0,3153.6825396825398,353.7068028658058,0.11215675592426975,606.0,1200.0,NEAR_DELTA_MINK_L
4200009,4800.0,MINK,4839,62,True,,95.16129032258064,3.0224618698045598,0.03176146371659029,3.0,13.0,3137.3064516129034,390.05064140647494,0.12432659908181687,604.5,1295.0,NEAR_DELTA_MINK_L
4200010,4800.0,MINK,4849,58,True,,96.12068965517241,2.5869539151014074,0.026913601269216436,3.75,10.0,3171.8793103448274,369.59115704389035,0.11652119166025603,614.0,1227.0,NEAR_DELTA_MINK_L
4200011,4800.0,MINK,4707,69,True,,93.08695652173913,1.9762292482371324,0.021229926534074753,3.0,8.0,3076.9565217391305,328.93664580010017,0.10690324789320763,563.0,1187.0,NEAR_DELTA_MINK_L
4200012,4800.0,MINK,4791,58,True,,92.44827586206897,3.499617781066283,0.03785487342443947,5.0,15.0,3168.5689655172414,359.5854947051927,0.11348514064818326,563.0,1267.0,NEAR_DELTA_MINK_L
4200013,4800.0,MINK,4851,65,True,,95.8923076923077,3.721550863336731,0.03880969133914448,7.0,13.0,3215.153846153846,351.7763813635121,0.10941199027982049,527.0,1277.0,NEAR_DELTA_MINK_L
4200014,4800.0,MINK,4799,62,True,,94.1774193548387,3.0348736145677604,0.0322250666386712,5.0,12.0,3128.6612903225805,347.2338592615788,0.11098480373558663,601.25,1149.0,NEAR_DELTA_MINK_L
4200015,4800.0,MINK,4757,61,True,,93.21311475409836,3.0894572397124747,0.0331440189276224,4.0,11.0,3159.1803278688526,382.9859608006334,0.12122953457962034,619.0,1290.0,NEAR_DELTA_MINK_L
4200016,4800.0,MINK,4896,75,True,,94.30666666666667,2.3034659874970056,0.02442527202916378,3.0,9.0,3210.76,358.9800306423743,0.11180531420672185,592.5,1393.0,NEAR_DELTA_MINK_L
4200017,4800.0,MINK,4760,63,True,,95.33333333333333,2.690370836538197,0.02822067311054053,4.5,11.0,3110.0,351.06016307071656,0.11288108137322075,553.0,1226.0,NEAR_DELTA_MINK_L
4200018,4800.0,MINK,4717,67,True,,92.35820895522389,2.93563536583034,0.031785321511091265,4.0,11.0,3064.089552238806,365.773469221548,0.11937427512661702,646.5,1235.0,NEAR_DELTA_MINK_L
4200019,4800.0,MINK,4799,68,True,,95.61764705882354,3.6663389808487903,0.03834374818482278,4.0,15.0,3116.970588235294,371.36857269026814,0.11914407344489009,632.75,1248.0,NEAR_DELTA_MINK_L
4200020,4800.0,MINK,4784,61,True,,91.21311475409836,1.8564442841825661,0.02035282195095912,2.0,8.0,3160.5245901639346,353.21806790378724,0.11175931647646697,568.0,1282.0,NEAR_DELTA_MINK_L
4200021,4800.0,MINK,4886,64,True,,92.3125,1.6092991486979666,0.017433166133491853,3.0,7.0,3224.421875,389.9610879901793,0.12093984692687873,674.5,1238.0,NEAR_DELTA_MINK_L
4200022,4800.0,MINK,4838,62,True,,92.19354838709677,1.614837549778558,0.01751573269528877,2.0,8.0,3204.3548387096776,321.0079436648597,0.1001786505623461,534.0,1209.0,NEAR_DELTA_MINK_L
4200023,4800.0,MINK,4723,67,True,,94.34328358208955,2.37871305231481,0.02521337992486826,3.0,13.0,3122.955223880597,389.56525454323815,0.12474250401168506,713.5,1168.0,NEAR_DELTA_MINK_L
4200000,9600.0,MINK,9655,93,True,,132.58064516129033,2.0284141835177403,0.015299474376897796,3.0,10.0,6264.612903225807,717.8041190895284,0.11458076184083345,1293.0,2373.0,NEAR_DELTA_MINK_L
4200001,9600.0,MINK,9573,83,True,,133.67469879518072,2.339335884210554,0.01750021436588337,3.5,10.0,6232.6024096385545,746.5059484548874,0.11977435738567821,1376.0,2456.0,NEAR_DELTA_MINK_L
4200002,9600.0,MINK,9682,89,True,,132.59550561797752,2.1500932884051434,0.016215431121774235,3.0,9.0,6471.595505617977,773.1003644178073,0.11946055091772666,1321.0,2672.0,NEAR_DELTA_MINK_L
4200003,9600.0,MINK,9668,97,True,,135.39175257731958,3.01390831317499,0.022260649233075008,5.0,12.0,6396.041237113402,741.5752656259243,0.11594285248239031,1364.0,2344.0,NEAR_DELTA_MINK_L
4200004,9600.0,MINK,9570,94,True,,137.0744680851064,1.7997598049085384,0.01312979601563078,2.75,6.0,6389.808510638298,692.94642690894,0.10844557012236966,1153.0,2367.0,NEAR_DELTA_MINK_L
4200005,9600.0,MINK,9472,85,True,,132.5529411764706,2.4229582422317177,0.018279173745424336,2.0,11.0,6236.588235294118,747.2804386435114,0.11982199408556425,1345.0,2373.0,NEAR_DELTA_MINK_L
4200006,9600.0,MINK,9661,78,True,,134.71794871794873,2.6645701818080174,0.019778880298917525,3.75,12.0,6323.846153846154,757.3749211606863,0.11976491880657975,1209.25,2487.0,NEAR_DELTA_MINK_L
4200007,9600.0,MINK,9575,89,True,,133.61797752808988,2.818500748874324,0.021093724070788335,5.0,11.0,6282.5842696629215,694.5305068325623,0.11054853815272833,1102.0,2471.0,NEAR_DELTA_MINK_L
4200008,9600.0,MINK,9682,87,True,,135.5977011494253,3.7461390702531108,0.027626862686447456,5.0,17.0,6332.172413793103,715.3881706048122,0.11297673592186347,1238.5,2431.0,NEAR_DELTA_MINK_L
4200009,9600.0,MINK,9656,88,True,,133.73863636363637,3.345601991563015,0.025015972067086865,4.0,13.0,6332.943181818182,786.5043541166326,0.12419254863594528,1200.0,2666.0,NEAR_DELTA_MINK_L
4200010,9600.0,MINK,9670,80,True,,135.1,2.401041440708594,0.017772327466384855,4.0,11.0,6336.1375,729.5975901781406,0.11514863592814087,1300.75,2468.0,NEAR_DELTA_MINK_L
4200011,9600.0,MINK,9468,75,True,,130.58666666666667,4.000311099013287,0.030633380888911224,6.0,18.0,6209.466666666666,707.6747149801399,0.11396706882718967,1167.5,2363.0,NEAR_DELTA_MINK_L
4200012,9600.0,MINK,9587,90,True,,133.2111111111111,2.5143784053781757,0.0188751402522342,3.0,12.0,6328.333333333333,695.2690126850182,0.1098660541509115,1137.0,2487.0,NEAR_DELTA_MINK_L
4200013,9600.0,MINK,9673,87,True,,135.5977011494253,3.779739607022583,0.027874658456468995,6.0,16.0,6394.494252873563,745.4144241695851,0.11657128690585815,1215.0,2454.0,NEAR_DELTA_MINK_L
4200014,9600.0,MINK,9599,74,True,,135.77027027027026,2.6229099648502494,0.019318735682185575,3.0,13.0,6346.486486486487,737.930565898754,0.11627387334236393,1252.5,2389.0,NEAR_DELTA_MINK_L
4200015,9600.0,MINK,9539,87,True,,133.10344827586206,3.0096949964178337,0.02261169815961585,5.0,11.0,6348.862068965517,713.7085945864208,0.11241519926463174,1114.5,2473.0,NEAR_DELTA_MINK_L
4200016,9600.0,MINK,9736,95,True,,134.49473684210525,3.074080724244075,0.022856513172355573,4.0,12.0,6514.505263157895,723.4061809273392,0.11104545191151927,1246.0,2430.0,NEAR_DELTA_MINK_L
4200017,9600.0,MINK,9543,89,True,,134.13483146067415,2.303836620475004,0.017175528499101637,3.0,11.0,6237.539325842697,689.5979133968891,0.11055608267507377,1129.0,2330.0,NEAR_DELTA_MINK_L
4200018,9600.0,MINK,9483,94,True,,132.22340425531914,2.2651581848813747,0.017131295307655423,3.0,11.0,6165.446808510638,706.7035494074822,0.11462324975895749,1279.25,2324.0,NEAR_DELTA_MINK_L
4200019,9600.0,MINK,9598,88,True,,133.9090909090909,2.6398879264966557,0.019714030679879983,2.0,14.0,6333.715909090909,719.4260804290086,0.11358673024731059,1299.0,2526.0,NEAR_DELTA_MINK_L
4200020,9600.0,MINK,9577,84,True,,133.17857142857142,2.699914964647318,0.0202728932716881,5.0,9.0,6310.678571428572,731.7723455633537,0.11595779079549914,1258.25,2426.0,NEAR_DELTA_MINK_L
4200021,9600.0,MINK,9721,89,True,,135.75280898876406,3.6328120747234203,0.026760492853036284,5.0,16.0,6441.202247191011,776.9949051902331,0.1206288632730137,1296.0,2451.0,NEAR_DELTA_MINK_L
4200022,9600.0,MINK,9654,84,True,,135.21428571428572,2.632540998511427,0.019469399883338602,3.25,11.0,6420.297619047619,721.3046179660108,0.11234753601235832,1173.0,2526.0,NEAR_DELTA_MINK_L
4200023,9600.0,MINK,9491,96,True,,134.11458333333334,2.7570734471637777,0.02055759618856098,4.0,13.0,6276.479166666667,761.0260340921145,0.12125046764016946,1311.75,2372.0,NEAR_DELTA_MINK_L
